essay_id_comp,full_text,holistic_essay_score,economically_disadvantaged,ell_status,race_ethnicity,student_disability_status,word_count,llm_score,llm_rationale
A1EAC2434DD1,"Some schools offer distance learning as an option for students to attend classes from home by way of online or video conferencing. Can students benefit from being able to attend classes from home? Yes, I believe that offering students a distance learning class, it can help students who are stuck home sick, OSS, or if they're out of town. Students can truly benefit from a ""at home class"".

With distance learning students can learn and study class course in the comfort of their own home, allowing them to feel more safe and not have problems with other people. It helps for students to stay safe keep them focus on the course. In addition, the classes can help students with homework, late classwork, or even tests and quizzes.

However, students can take advantage of these class course like cheat on tests or take the class and forget to do it or just not do it at all. Distance learning can be some what unorthodox for many students and even the school as a whole. But, some students would prefer a distance learning because they feel they would benefit more from it.

Some schools think that students can benefit from distance learning but, some students think they would be better with out it. I believe that distance learning can help students in many ways tho, it's just not made for some students. But, school to this day still offer distance learning to those who are willing to take the course.",2,Economically disadvantaged,No,Asian/Pacific Islander,Identified as having disability,244,4,"The essay presents a clear position and provides relevant reasons and examples, including helping students who are sick, out of town, or unable to attend school in person. However, the development is somewhat repetitive and general, and frequent grammatical, usage, and sentence-structure errors limit clarity and polish.


"
5171E1D8A82A,"With societies advancements in technology, we have made it possible for students to take courses online from anywhere. Although some question whether this is very beneficial to have these online classes. These online classes allow the student to learn more one one one and it lets the teacher better focus on their struggles. Not only does online school benefit regular students but, it also helps to teach student who are bedridden in hospitals to learn while they are recovering.

Teachers are able to teach the student more directly while also having the ability to adjust to what the student needs in order to further benefit. The majority of the time in a classroom with about thirty students it is difficult to help with all the individual needs of a student when there is only one teacher to assist them. Along with how some students who are too nervous to ask questions about what they are confused about. Online classes allows the teacher to work with a smaller group or with one person and be more focus on an individual. Many parents though are concerned that with online classes their child will have more of a tendency to slack off with school work. This is not the case however, since all of their work is online they would not have much of an excuse to not have the assignment incomplete. Assessments will be monitored through sharing their computer screen and having access to their web cam.

There are many children in hospitals who spend a lot of time in the hospital and are not able to attend school but with online school it can benefit them for the long run. My cousin has spent most of his life in the hospital without the ability to go to school since part of his body had been paralyzed. My aunt had put him in online classes so when he was able to get out the hospital he had a chance to earn a living for himself. The online session with his teacher helped him become educated but also it let him be able to rehabilitate at the hospital since the sessions were based on his time. He would have a video sessions where the teacher would show him how to do things. This later on in life made him able to become the engineer that he is today. Not only does this help the student but it keeps the teacher safe if the student has an illness that is highly contagious.

The internet reaches the vast majority of the world allowing anyone to learn via the computer. It helps those that cannot be home schooled to have access to someone who is able to help them along through their learning progress. From people who are ill to those that require a more direct approach online learning benefits many. On a worldwide view, it helps to educate anyone despite their any difficulties. ",4,Economically disadvantaged,No,Asian/Pacific Islander,Not identified as having disability,483,4,"The essay presents a clear position in favor of online learning and supports it with relevant examples, including the writer’s cousin, while generally maintaining a logical organization and progression of ideas. However, frequent grammatical and usage errors, awkward sentence structures, repetition, and some underdeveloped reasoning prevent it from demonstrating the stronger control and consistency characteristic of a 5 or 6."
A24A28C64B6B,"Getting up in the morning is hard to do.

High school students have it the worst because they have to get up at 6 in the morning just to get to school on time. Who wants to get up that early? If a student has work or any after school activity, they wont be able to get school work done because the're too tired at the end of the day or just dont have the time. Students that are home schooled or take an online class are able to make time for school work and it's not as much of a hassle. Bullying is a big issue going around in schools and most students that are getting bullied dont wont to go to school because they are scared. Having the option of letting them take it online would help them not be as stressed about school and be more thrilled to go. Students would benefit from being able to attend classes from home because they wouldn't have to wake up early, it's an alternative if they dont feel safe at school, and students would feel less stressed.

Students, especially teens, hate waking up early in the morning to go to school. Studies show that students should be getting at least 7-8 hours of sleep each night. Most high school students, however, get 4-5 hours of sleep each night because of homework and after school activities that keep them up all night. Students drink coffee or energy drinks to keep themselves awake even though its not good for them and if they drink too much it could hurt them. Students can only have a certain amount of absences and tardy s before they have to go to summer school which no kid wants to do. Having classes online would help students get the recommended amount of sleep each night.

Bullying is a big problem in most public schools today. Students that are getting bullied dont want to go to school because they are scared of what the bully is gonna do to them. Even if they go and tell a trusted adult there is no telling what the teachers gonna do or if the bully is gonna stop. Most of the time when someone is getting bullied all the school dose is suspend the bully for a couple months and thats it. Some extreme cases of bullying have led to the student harming themselves or trying to take there own life. Having online classes at home would help the students that are getting bulled feel less scared and learn better.

Having school at home or online wold help the students not feel as stressed. Going to school each day tired is already hard enough on students, but now they are getting even more stressed out because of homework for different classes. If students wanted to take AP or IB classes they couldnt do anything else because those classes are very time consuming. Students couldnt have a job or have anything after school if they take an AP or IB because of the amount of stress they would be going through. Having online school would help fix that issue and allow students with the opportunity to take those hard classes.

Going to school helps students make friends. School is the number 1 place where most children and teens make friends and meet people and if they taking the classes online, they dont get the chance to experience that. If a kid doesnt have very much social interaction then they become very anti social and not have a whole lot of people skills. Staying at home and taking classes online has its benefits but actually putting in the effort to wake up and come to school everyday and meeting new friends is worth coming to school for. If a student stays home and takes an online class they really dont have anyone to ask for help if they dont understand a topic.

Students would benefit from being able to attend classes from home because they dont have to wake up early, it is an alternative if the student doesnt feel safe at school, and they would be less stressed. Taking classes online are safer because you're in the safety of you're home and they wouldnt cost as much money as it would being at a public school. Overall, online classes would be a big help to students who are struggling to come to school. Lets start making this a reality then!",5,Economically disadvantaged,No,White,Not identified as having disability,781,4,"The essay presents a clear position and supports it with several relevant reasons, including sleep, bullying, stress, and social interaction, demonstrating competent critical thinking. However, frequent grammar, spelling, punctuation, and word-choice errors, along with some repetitive or weakly developed evidence, keep the essay from demonstrating the stronger control and consistency of a 5 or 6."
D72FA02E59ED,"Why are more counties offering online learning? With the increasing access to the internet, some schools are offering distance learning as an option for students to attend classes from home by way of online or video conferencing. This innovative way of learning brings many benefits for both teachers and students by improving participation, minimizing transportation, and offering simple solutions for problems.

Teaching online helps improve participation rates. Students that are sick will be able to attend the video conferences and complete their work as they will not be able to risk the health of others. Also, when most schools would have closed for bad weather, these online classes can stay up as students are already in the safety of their homes. Problems such as these affect teachers most because they are trying to get certain material accross before major test dates; a solution like this will really help teachers keep their students from falling behind.

Furthermore, Allowing students to work from home cuts time on transportation for both students and teachers. Because online schooling allows for both students and teachers to stay at home, students will be able to sleep in longer, and teachers will not have to take long commutes from their homes that are often far from the schools they work in. This solution will not only give students and staff more time for themselves but will also have positive effects on the environment. The gasses that are produced from busses and cars are very damaging for the environment, but the cut of transportation from online schooling will reduce these green house gasses significantly, and it will help improve our air quality as well as reduce our contribution to global warming; the improvement of our environment will help students feel more confident and hopeful for the world they'll live in.

Lastly, some argue that malfunctions can occur with the technonlogy and that students could have unexpected problems with internet connection, but with the increasing growth of technology, most places offer free wifi, and all Generic_City libraries have computers for the public to use. Problems such as these are expected and have solutions thought out before hand to prevent such issues. Counties, like Generic_City, have school issued computers that have the software and personel to prevent and help with problems like these, so students and teachers can rest assure that their online classes will have little to no problems.

After all the wonderful and problem solving benefits that online schooling can bring to students, from improved learning to reassurring solutions, one must see the need for more of it being implemented. So I implore you to reach out to your counties and parents to start a petition to increase the availibilty of online learning in schools.",6,Economically disadvantaged,No,Hispanic/Latino,Not identified as having disability,453,4,"The essay presents a clear position in favor of online learning and supports it with several relevant reasons, including improved participation, reduced transportation, and solutions to technological problems. Organization and progression are generally effective, but repetitive reasoning, some weak or generalized evidence, awkward phrasing, and numerous grammar, spelling, and usage errors prevent it from demonstrating the stronger control expected of a 5 or 6."
5DB4FE5D6A00,"Many parents recommend their child to be in home school than in public school. Scientist have proven that students do better home school than anywhere else. Students would benefit from being able to attend classes from home because it helps them focus and learn better.

Students have so many distractions in public school where it makes them hard to focus on their school work. Bullying is a main distraction that makes students unable to focus in school. If students are being joked and pushed around in school, they are not going to focus on their work. Also, when teachers are teaching a lesson or if someone is already out to use the restroom, student are unable to go until that person is done. If students were home schooled, they could go to the restroom whenever they want. Furthermore, another distraction to students is when they are hungry. It is bad enough that schools give students a minimum of food every day. Most students are still hungry after lunch, because it was not enough food. Food keeps everyone's brain cells motivating. Therefore, in homeschooling, students can eat whenever they want to stay focused.

While some people think students would not benefit from being home schooled in fact, students learn better. Sometimes, it is hard to understand someone else if they came from a different state or country because they have an accent. It is difficult to learn something if they can't understand what the person is saying. In other cases, the student could speak a different language, while the teacher can't understand what the student is saying. It is hard to communicate with someone when one person can't understand the other. Additionally, some teachers move to fast where the student can't comprehend what the teacher said. If students where home schooled, they could move at their own paste, go over the same subject as many times as they need to, and could find different ways to learn something.

In Conclusion, students would benefit from being able to attend classes at home. Homeschooling is less stressful that any other type of school because students can go at their own paste without worrying about getting left behind. There would be no distractions, bullying, or struggling to understand what the teacher is saying if students were home schooled. Students would be happier in homeschooling and would benefit from it all!",4,Economically disadvantaged,No,White,Not identified as having disability,391,3,"The essay presents a clear position in favor of homeschooling and provides several relevant reasons, including reduced distractions, flexibility, and improved communication, but the supporting examples are sometimes weak or based on questionable claims. Organization and progression are generally understandable, but frequent grammar, usage, spelling, and sentence-structure errors noticeably limit the essay’s effectiveness and language control."
6292FA7E5BD1,"Some schools offer distance learning as an option for students to attend classes from home by way of online or video conferencing. I believe that is a good option, and students would benefit being able to attend classes from home .Many teenager can have good benefits from taking classes from home. Today many students can not assist to the school because the transportation,or they have appointment that they have to assist.

First, I think that is good option for students to attend classes from home, because some students do not have transportation .For example, i have a friend that she can not study because her way to the school is very long and she do not have transportation and she do not have someone who came take her to the school because her family do not have a car .If she could have the opportunity to have class from home will be a good benefit for her,because she would like to finish her high school.

Also, many student miss classes because they have to work ,or they have appointments and they can not assist to their classes. When students miss classes ,they will be affected latter for their test or quiz .For example, last week i did not went to the school because i have a doctor appointment ,and when i went the next day i was affected because i took a quiz and i did not recover the class that i missed .But if students could take classes online the day that they can not assist to the school will be good because they will be not affected because they will have the opportunity to recover the class.

In conclusion, offer distance learning as an option for students to attend classes from home online or video conference is a good option,because it will give a lot of benefits to many students who can no attend schools. It will be more easy to students who can not assist to their classes and they will no be affected on their grades,because students who miss one day can be affected a lot on their grades.",3,Economically disadvantaged,Yes,Hispanic/Latino,Not identified as having disability,347,3,"The essay presents a clear point of view and provides relevant personal examples about transportation and missed classes, but the development and reasoning are somewhat repetitive and limited. Organization is generally clear, but frequent grammar, usage, spelling, punctuation, and sentence-structure errors sometimes make the writing difficult to follow."
C38334385924,Their are some schools that offer to attend online classes or video conferencing what if they don't have a computer at home for to be able to use it for the online class. Some parents will not agree I think because they will be working and they don't know with who they can leave their kids with. Video Conferencing could work for students instead of online classes because that way the person that will come to teach you can explain more better from the assignments that your suppose to do. Some students just prefer someone to teach them for they can help with what they are doing. Students will benefit from being abkle to attend classes from home will some students they would rather take classes home then school because in school they think it's more harder for them for the reason of being with alot of stusdents. They like to work alone quite and with someone who can have patients and work slowly and have time. Same thing with there schedule when you have classes at home you can choose the time and day that you want to do the class.             ,2,Economically disadvantaged,Yes,Hispanic/Latino,Identified as having disability,200,3,"The essay presents a clear point of view in favor of video conferencing and online classes and provides several relevant reasons, including flexibility, individualized help, and reduced distractions. However, the ideas are repetitive and sometimes unclear, organization and progression are limited, and frequent grammar, spelling, and word-choice errors interfere with readability.       

"
6C991A1A6C39,"Some school offer distance learning as an opinion for students to attend classes from home by way of online or video conferencing. the students not focus in home sometime, for the TV, video games, and cell phones. The 20% the students, not go to school because is more difficult, but 80% the students go to school students don't benefit because have a distraction in home the TVs, are distraction or watching movies the students not focus in work in study some not doing a work or copies in internet .

Students don't have a friends because not work in groups sometime not distraction with other students and more distraction in home sometime not focus some students said 5% the students not focus in house because the cell phones distract the students not benefit being able to attend classes from home.

The some students story and online because in the morning not necessary take a shower or not wake up late, but some students is more fanny story in school because distract more went a house.

The video conferencing you need to pay for a classes, in work some students have a job, and pay school.

The students said is more easy go to school for have more friends and you understand more because the teacher explain you went you have a question the teacher explain you or went you have a work and you need help she explain you.

The peoples said is more easy went you story is school because not pay for you education is more fanny one time in here in school the students talking about the school pay but in online some people said is a bad idea some people said is a god idea about this topic.

The students, went you go to school has a library, old the material paper, or notebook, doing homework, and has a lunch, break fast in the morning, and the after noon so you have old the classes for example art, geographic, and music etc. Some students, and some people said is more easy story and the home because some people dont doing a bulling for a skin color.

The video conferencing you need to pay for a classes, in work some students have a job, and pay school.

some school offer distance learning as an opinion for students to attend classes from home by way of online or video conferencing. the students not focus in home sometime, for the TV, video games, and cell phones.

The students is not a god idea to attend classes from home by way of online or video conferencing because some students copies a test in home or use a internet for a project or something like that. Connected to, served by, or available through a system and especially a computer or telecommunications system as the internet also done while connected to a system, online shopping.",2,Economically disadvantaged,Yes,Hispanic/Latino,Not identified as having disability,453,2,"The essay presents a clear general position against distance learning and gives several relevant reasons, such as distractions at home, limited interaction with classmates, and concerns about cheating. However, the ideas are repetitive and poorly organized, with frequent grammatical errors, incorrect word choices, and incomplete or confusing sentences that sometimes obscure meaning."
5799F532C5CE,"If schools allowed your child to be taught at home, it will improve their ability to be more focused, more self-disciplined, and more independent about leaning their curriculum. The student will feel more relaxed in their adjustable environment. There wont be any distractions that may occur in a typical school class. A handful of students would feel more safe being around at an everyday house. If the school allowed the children to learn at home, it would not just benefit that single child, but it will benefit the most of the school workers and the parents safety about their child.

The students would feel more satisfied being isolated at there safe house. Attending class form home would allow you to adjust your surroundings to make the student feel more comfortable rather than having school adjust the environment for their standards. People that are shy, such as myself, would prefer to attend class at home rather than go out to school where tons of kids attend to. However, shy people should go to school to help them improve their social skills, and be more outgoing. All students would be more comfortable attending class at home, but people that are shy would not improve their social skills.

Students tend to get distracted easily in class, that disrupts the flow and rhythm of the class. These classes often get off task from students that are trying to make the class more enjoyable, by being the class clown; the class clown usually makes jokes that will lead the entire class laughing, even the teacher may have a laugh, which ends up taking time away from the traditional class. If the children do attend class form home, the parents or guardian may monitor there behavior during the child class expiereance. Consequently if the children arent being monitored they could easily get distracted by doing anything they want like playing video games or even fall asleep in the middle of a lesson. The children being ignored may have a tough time staying on topic, while the children being monitored will highly stay focused on their lesson instead of being distracted from anything.

The children would feel more safe being isolated in their bedrooms rather than going on an unpredictable adventure to school. From the past few years, school shootings are happening more often, these shootings mostly involve mentally ill kids. One most know shooting was the ""Columbine school shooting,"" the crime involved two kids that were getting bullied throughout their school years to cause this; bullying should be a topic to discuss with kids, but it may seem as a difficult topic to discuss with children, as they will feel left out from their peers. If they attend class form home they could avoid being bullied and feel more safe being at their protected house; the problem is that the children acting as the bully,often has a problem at home that makes them take their frustrations out on other people. Many children would benefit learning at home, while several children may have family problems that disrupt their safety needs.

The benefits of attending class from home would not just benefit the student, but also the people that care about him. The students would gain more freedom and confidence, while attending class at home. The students would not be able to distract each other from learning, but may make the class seem more boring than usual. The safety of the students would be chosen by their parents actions instead of the schools actions. Overall the benefits of attending class from home, out ways the benefits of attending class from school.      ",5,Economically disadvantaged,No,Hispanic/Latino,Not identified as having disability,598,3,"The essay presents a clear position in favor of learning at home and provides several relevant reasons, including increased focus, comfort, reduced distractions, and safety. However, the development is inconsistent, with some weak or questionable evidence, repetition, limited coherence, and frequent grammar, usage, spelling, and word-choice errors that sometimes interfere with clarity."
6685C02108BA,"A lot of students could benefit from such a program, be it if they are sick, antisocial, or just not the type for regular school. It would offer these students a new way to learn that may or may not be the way that they would prefer. Even if they just live far away from the school that they wish to go to, like college, it would be extremely beneficial to not have to travel long distances to get to school, or have to buy a dorm room for an amount of time. I do feel like it would be hard on the teachers though having to deal with the class, and setting up the things that the online students need as well.

If they were to offer this in high school, you bet there would be a lot of people doing this, I personally know a lot of people that would rather be home schooled or do their schoolwork from home instead of coming in everyday, changes classes, and dealing with all sorts of different dynamics, rather than just simply working from a computer at home. Let's say a student gets sick and misses two weeks of school, if this program was implemented today, students like these would have less to no make up work to complete when they return, thus keeping them from getting too far behind and risk failing a class. That would also mean average grades would likely go up, do to people missing school not getting behind.

For students who would like to attend college this would be an extraordinary boon if they lived far away or dont have the money for a dorm space, imagine living in Washington State and wanting to go to Louisiana State University, it would be very difficult to travel with all of your things down there and move into a rinky dink little dorm space, just to get the education that you want. Now if you were planning on doing this and you were offered online courses for the same instruction, and not having to move halfway across the country, I think you would take in a heartbeat. It would also likely be more cost efficient than moving, buying a dorm, paying for gas, and driving to school everyday.

Now as for my personal opinion on the matter, I feel as if it is both a great idea and a terrible one, it's great because if a student wants to be at home to be away from people, or for any other reason to work on their education, then well on them, but you have to realize school is one of the few places when people are young get to really get out and socialize with other young people instead of being cooped up in a house all day with nothing to do. Imagine being at home and doing the work you do for school in the earlier parts of the day then going to work until about dark, then coming back home just to eat sleep and do it all again tomorrow, sounds pretty bleak right? So as my final regards, it would be wonderful for education purposes, but not for social gain in any way, shape, or form.",4,Economically disadvantaged,No,White,Not identified as having disability,533,4,"The essay presents a clear point of view and supports it with several relevant examples, including illness, distance from school, college costs, and socialization, demonstrating competent critical thinking. However, organization and sentence structure are sometimes awkward, and frequent grammar, usage, and mechanics errors—such as “do to,” “dont,” and run-on sentences—limit its overall effectiveness and keep it from demonstrating the consistent control expected of a 5 or 6."
202A2848311C,"Schools are not only about learning math, English, science and history. Schools are also about learning how to interact with other people, and if a student does not attend school they will be behind those who do. I think online classes would not benefit students in the social aspect of life and in performance in academics.

During anyone's time in school whether it is a private school or a public school they encounter other students which helps develop social skills which are important to survive in the real world. The online schooling would not only make those who take it feel like their alone but it will make their adult life far more difficult. In the real world, future adults will have contact with a lot of people and students who had an interaction with other students will have an easier time doing so in their adult life. Unlike kids who spent their time in a room all by themselves learning, they will have to adapt to having interactions with other people. For example if a student who took the online classes in a future job had to present something for his boss, the student would have a difficult time getting his point across to other people because of the missing interaction with other people during their developmental years. Now if a student who attended school with other people did this it would be much easier for them because they would know how to talk to others and get their point across.

Another reason is that some kids learn better with others. Sure there may be the usual kid that does not want to be around other people but there's not many of them. For example my friends and I enjoy coming to school because we see each other and also because it has a sense of competition in terms of who has the better grades. I think when other kids are around and doing better than you it makes you want to try harder. Second if a student you sat next to in math class or in history was doing better than you in your mind you would say, oh i want to be like that, making you want to try harder and ultimately do better in school. In any competition teams push themselves to the limit, whether its a race, the final of a championship game or the last play in the game, teams try their hardest because the other team is doing so as well. Students will do that too, but they need other students to compete with which would not happen in online school.

The last reason why online schooling from home would not benefit a student is because they will simply skip the class. No matter who you are, you have your lazy moments. You have those moments where you just don't want to do anything, these moments usually happen at the comfort of your own home. Times like this are easily avoided by attending school, the student wakes up in the morning gets ready, walks to their bus stop and off they go to school. A student who has class at home may or may not forget about their class or even worse know they have it and decide not to do it because they are at home. There is no choice in whether you will go to school today or not, most of the time it's a yes, your parents say you have to go to school and that is what you have to do. Online classes can be avoided if the student just does not do it. Students are supervised in school at all times whether its administration during lunch, or by a teacher in class. Who is going to supervise the student at home? if a parent is home they might do it but if there is no parent it's up to the student to make that decision and its usually a I am too tired to do this.

Online school may be only fit for a certain amount of students. For example students who work or live too far from a school may be able to benefit from doing it, but the majority of kids would not. Online school has its wins but it is also very faulty. It can be easily be avoided by lazy students, it can have a big impact in the future of the student and it can have an change performance in a bad way. Therefore most students will not benefit from online school and it will slow them down.",5,Economically disadvantaged,No,Hispanic/Latino,Not identified as having disability,760,4,"The essay presents a clear position and develops it with several relevant reasons and examples, particularly regarding social skills, academic competition, and student motivation. However, the organization and progression are somewhat repetitive, and frequent grammar, usage, and mechanics errors—along with occasional weak or overly broad claims—prevent it from demonstrating the stronger control and critical thinking expected of a 5 or 6."
C3C2EA6B46EE,"Students could accomplish more this way because they would be able to finish more work and passing in an area where students fell comfortable, and there wouldn't be any students distracting them or bullying. This is something that should increase grades, passing rates, and success rates for schools. Students would love to stay home and do there school work. They would be able to pace themselves, take breaks, and have fun doing school work. There would be a chermindis rate of success doing school work this way. For most students school work is a hard thing to do because of teachers lechers that last all class, teachers that gives a lot of work in such little time, and student distractions, schools could vanquish this problem letting students do there work at home.

Students in schools are influenced buy other students getting the off trike of there real goal doing work. The influence that other students have that attracts others is ridicules. Students working at home won't have this problem at all including bullying. Schools all over have bullying but with students doing work at home would decrease the problem at hand. Working at home would end students being distracted not getting there work done and being bullied it would help them pass and succeed.

Students working at home is a different feeling than school. Doing your work at school would make you tense and drowsy with these traits students wouldn't be able to work at there full capacity. Students working at home would help them focus better on there work. It would benefit them in the long run and they could pace them self anyway they want to. In school there always a time limit for your work but doing it in an environment were you fell relaxed, calm, and focus would not only help them pass but help them reach there goals.

In conclusion, Students working at home would give the a better vibe than school. There is nothing wrong working at school but students would accomplish a lot more at home with know distractions or bullies lurking around. Working at home would avoid all of that and help the student focus at there task at hand                                                                                                                                               ",4,Economically disadvantaged,No,Black/African American,Identified as having disability,435,3,"The essay presents a clear position that students should work from home and provides several relevant reasons, including fewer distractions, less bullying, and greater flexibility, but the supporting development is repetitive and somewhat limited. Organization is generally clear, but frequent grammar, usage, spelling, and sentence-structure errors (such as “there” for “their,” “fell” for “feel,” and “buy” for “by”) significantly weaken clarity and language control."
29905A8482BC,"-

Today in the actuality is easier to take classes or courses, online or video conference, because the system of education is always trying to improve them self as everything in the world. The internet is our big source that we need everywhere and in different circumstances and the technology is a big advance that has a lot of benefits for us, like make our life easier.

My point of view about the student attending classes from home. First, most of the students in High School are teenagers, if they are in their homes taking classes it make the possibility that they do not socialite with the people and they can not find a firm personality. Second, the students could have problems in their vision in cause of the long time looking a monitor, laptop, tablet, Etc. Third, some of the students are beneficiary of their free lunches in school, so, if they are in home it will be more expensive for the parent to pay extra food. To conclude, those were some of my points of views or disagrees about attend to school from home.

This is a list about the agrees and it could be a benefit in my opinion:

Do not have to spend gas going to school.

Do not spend in different clothes everyday.

The government, do not have to pay a lot of teachers, so maybe taxes can get lower.

We can use a different schedule to see classes, and the other time to work.

The students do not have to socialize with the teacher, so, no disagrees and problems between the student and the teacher.

This ideas was basically what i think about attend classes from home, maybe it could be better or maybe no, the mostly reason i think is fine to attend school from home is, if you have a disability or sickness that don't let you go to school.

Made by: Generic_Name.                                                                                                                                                                                             ",2,Economically disadvantaged,Yes,Hispanic/Latino,Not identified as having disability,398,3,"The essay presents a clear position and provides several relevant reasons for and against attending school from home, but the development is inconsistent and some ideas are only briefly explained. Organization and coherence are limited, and frequent grammar, word-choice, and sentence-structure errors sometimes make the writing difficult to follow."
6956113E95B7,"With technology growing at a rapid rate, many things are being used through online like bank information, communication, and even education. In education there are new way of teaching students. One of them is able to teach from a distance, in which students can attend classes from their homes. Many students would benefit from being able to attend classes from their home, because they can learn anywhere in the world, students would not have to worry about getting ready to go to school, and they can learn at their own pace that lets them understand the topic or subject.

However, many people would not agree with this position, Some might argue that students can get distracted by being at home or that they might not have the same feeling of studying at their home then at school. Some students have difficult challenges in their life that let them not concentrate at their homes like physical or verbal abuse. Some people say that some students that learn through online will not even try to study at home and would get distracted by video games or other forms of entertainment. The idea that a student will learn at school the same as distance learning is thought as something that will never happen. Nevertheless their are other ideas

To begin with, students can learn anywhere in the world. They can travel to other countries or states and still learn as if he or she was still in the class. For example, In my school their are some students that travel to other countries like Guatemala, El Salvador, or Honduras and stay their for a long period of time. One of my friends went to Guatemala for a month because of his family. He knew that he was going to be behind in his classes when he would come back. When he came back, we already did two test and learned two units. He was so behind that it took him quite a long time for him to catch up. If he would have the opportunity of distance learning for the time he was in Guatemala, he would have benefited from it and still been caught up.

In addition, students would not have to worry about getting ready to go to school. Students would not have to worry of waking up early to get to the school bus or to walk to school. They would just have to wake up, eat breakfast, take a shower and go to their computer to start learning. For example, a student lives 45 minutes away from his school and has to wake up at 6 am so he can make it to his first class in the morning. It takes him 30 to 45 minutes to take a shower, eat breakfast, and choose what he will wear. In total it takes him a little bit over an hour to get ready and walk to school. If he would have done distance learning, he would have used that time to complete his homework, study, or to relax a little bit more before his class started.

Finally, Student can learn at their own pace that lets them understand the topic or subject. Many students feel that when they are at school, that the class is going to fast or that the class is going to slow. They could feel more comfortable to either go fast or slow when they learn through online. For example, Many students feel that they learn better when they are outside of school, because their is no distraction that affect them when they are at a library or their home. Distance learning can make many students learn at their own pace and practice to understand for their tests.

In conclusion, students would benefit from being able to attend classes from home. They would be able to learn from anywhere in the world, students would not have to worry about getting ready to go to school, and students can learn at their own pace that lets them understand the topic or subject. Many might not agree with these ideas, but they have to realize that distance learning is an option for students to understand at their pace and feel more comfortable when they learn at their homes.",5,Economically disadvantaged,No,Hispanic/Latino,Not identified as having disability,705,4,"The essay presents a clear position and supports it with three relevant reasons and generally appropriate examples, showing competent critical thinking and a logical overall structure. However, frequent grammar, usage, spelling, and sentence-structure errors, along with some repetitive or underdeveloped reasoning, prevent it from demonstrating the consistent control expected of a 5 or 6."
C716B4A085B3,"I agree because is good I dea the offer of anline or video and also thus can work home , and in students have work they can study in home and thus not is complicate ,for students and thus can they improvement un the in the class also oh students that they only without help the paresnts , and the student work after school for thus have class in online home.

Sometime oh students that finish the hing school, but always have one or two class that they need pas the class and for thus; have class online home class also oh estudents that need class of the taht have for graduation and for thus have class online and to if can graduation sometime the teacher think that no is good idea that the students have class in online because think that can copy or that the student not respnsability.

The students also need relax because have much homework,proyect , and for thus they periphery class online from home ,and to if no think that have many work and also the students think that is better have class online in home beacuse think best .

I think that have class online is very important because for graduation , for pass the class is preferably. The class onlane home and also as the students have work for thus have class online in home is good idea, and good benefit for students that need pass the class and put thus is good idea class online home , and for oh students not think that is good idea the class online home thet not help for yes class online if help and many students yes pass the class only but thas classe online home is very important study and school also home or other place the important is pass the class. ",2,Economically disadvantaged,Yes,Hispanic/Latino,Not identified as having disability,303,2,"The essay presents a clear position in favor of online classes and gives several reasons, such as helping students graduate, work while studying, and manage their workload. However, the ideas are repetitive and poorly organized, and pervasive grammar, word choice, spelling, and sentence-structure errors frequently obscure meaning."
D45516C802DF,"Ringgggg Ringggggg! *alarm clock goes off* awe jeez school again? Actually maybe not, because some schools offer distance learning as an option for students to attend classes from home by way of online or video conferencing. Some people may disagree about this idea and they also believe that school builds character among students and disciplines children or some people may actually like attending school *crickets* I don't why anyone in the world would like doing that but lets move on shall we. I actually like the concept of the no school thing it seems really beneficial. You have zero restrictions, if you are sick you can stay home and complete your online tasks, and you have time away from awful teachers. Sounds like a win win situation for everyone!

One thing I really love about this online schooling is that you have no restrictions or rules to follow. Most schools have a policy that if you have six or more unexcused absences, no matter what your grades look like you have legally failed which is really messed up. But if you take online classes you have no absences to worry about. Also you have a lot of free time. For example, in school after you finish you work you have to sit there quietly after everyone finishes their worksheet. Now if you're home alone you have no teacher hassling you for phone or no ones stressing you over work you can work at your own pace and be comfortable in your Elmo pajamas. Lastly you don't have to sit there and hold your bladder because you teacher has a ""1 pass a week rule.""

Secondly, online classes can help you stay on track if you are sick or have a severe illness. For instance, about two and a half years ago I had the flu and I was out of school for about a week or two, so I returned to school only to find out I've missed tons and tons of work. I was so behind and I didn't catch up about three weeks from then. Lastly, online could assist you if your teacher isn't the best at what they do. Most teachers do not really teach their students, they give them little instruction and then they hand out a work sheet and the students have to take the information and piece it together to figure out what to do. Like lets take Generic_Name for example, a math teacher, he doesn't really care if we cheat on our worksheet because he claims he ""taught it to us already.""

Some people may disagree about the idea of online classes. Some people may think public schools help develop character by having friends, interacting with other students, and talking to teachers. Also most parents think children need discipline in their lives which the school provides with the rules and restrictions. Another reason some people may disagree is that some people...may actually.... enjoy school...eh. Despite these reasons, I still support online schooling because it provides us free time, time away from teachers, and freedom from restrictions and rules.

I hoped I help shine some light on why online schooling is an excellents idea. It provides us free time, time away from teachers, and freedom from restrictions and rules. And I hope they bring a program like that to Generic_School very soon. *Mom yells* ""hurry up before you miss the bus!""",5,Economically disadvantaged,No,Black/African American,Not identified as having disability,563,4,"The essay presents a clear position and supports it with several relevant examples, including personal experience with illness and specific advantages of online schooling. However, the organization and progression of ideas are somewhat repetitive, and frequent grammatical, punctuation, and word-choice errors weaken the overall quality; the informal tone also limits the essay’s effectiveness."
64F4EEE18DAF,"For centuries, the idea of attending a classroom on time, everyday, consistently has been enforced globally. As of recently, the concept of online classes are being considered by school board, with several student participants. Attending classes online, or by video conferencing would overall benefit the student community, due to problems overlooked by having a mandatory attendance finally being taken into consideration. With online classes available, students with outside troubles ranging from a doctors appointment to disabilities, don't and won't have to be held back from their peers on supposed equal education. Lessons missed won't have to be left out due to an overlap in a student's schedule, which happens often because of the set time of school we have daily.

Code reds, hurricanes, pandemics or snow storms, are all examples of situations no one has control over. In such cases, we have no backup plan but to stay home. If a student misses class with a doctors note, information taught would have to be the student's responsibility. Emergencies, such as surgery with required bed rest, or a passing of a family member, are all examples of situations we as students have absolutely no control over. We witness multiple days off in a year, planned and unplanned, yet whenever we get them, the plan is to do absolutely nothing but stay home. With online classes available, students can plan accordingly which lessons and which classes they need to get caught up in, what is being missed, and their responsibility of getting material is made efficiently easier, with no excuse. Teachers won't have to rush, to get required material taught, causing a brief explanation or a result of unsure students, ultimately benefiting not only students but instructors as well.

Furthermore on the subject of situations where students hold no control, mental health is a topic that needs to be more addressed. Disabilities, such as hard of hearing or blind students, deserve a help up to be on the same level as anyone else, and it defnitely wouldn't be made easier trying to learn in a class room where everyone else has an advantage over you. Anxiety, triggered by overloads of work and places with an abundant amount of people or depression, where one can have little to no motivation, are two examples of how mental health is definitely overlooked, because although diagnosed in some people, it's still required to get out of your room, your bed, and continue dealing with what triggers those dark emotions. For some people, including me, or probably someone you know, or to a famous celebrity like Melanie Martinez, it doesn't sit right to be working in an environment, where half the time education really isn't a goal. In multiple interviews, she let's it be known to her followers that Melanie didn't have the best high school experience. If you dont have students looking back feeling accomplished with what they've done in their years in school, getting somewhere in life with the knowledge they've acquired by attending classes, what is the school accomplishing? Many students accomplish more learning in solitude, in their own peace and organization, where focus is at a peak and one can prosper in their grades, compared to sitting in a class.

Tapping a little into history, we come from a nation that once denied education to those who we believed shouldn't. Now, we allow anyone, and require everyone to have it. Having considered all these factors and more uncovered, why should we deny any more? We have everything required to give everyone the rightful knowledge they deserve. Over time, we all see and learn about how everything improves, how education or manufacturing or how technology changes. Allowing online class courses won't contradict that idea, as it's adding more efficiency, consideration and benefits to the school system. Just as we grow from carriages to flying cars, it's time to start adding a little advancements and play the smarter leverage.

Although many might not agree on just anyone taking online classes, shouldn't there at least be limited access? A form to sign, consoling with someone specialized in the matter, or at least a parent conference? Regardless of how many people, or how important it is for them to have access to online classes or video conferencing, it should be agreed that they would benefit all students in the long run, and in certain cases make snow days, sick days, and even difficult days a little more productive, and having them so available in this day with all the technology we have is beneficial to us all. School boards should consider and think of all the advantages and how it would outweigh any negative ones, and acknowledge the efficiency.",6,Economically disadvantaged,No,Hispanic/Latino,Not identified as having disability,776,4,"The essay presents a clear position in favor of online classes and supports it with several relevant examples, including emergencies, disabilities, mental health, and weather-related school closures. However, the organization and progression of ideas are sometimes uneven, and frequent grammar, usage, punctuation, and word-choice errors detract from clarity; the evidence is also occasionally anecdotal or insufficiently developed."
3741D275F8BC,"Some people think that taking classes from home is a easy way to study without having to leave home. While others think that students would not be able to learn as much as they would attending to school. For some this is a big deal while others justify this as a modern way to study. Technology could be helpful for some but not everyone in terms of studying. Most people think that schools should not adopt such way of education. People say that this is not the best way for study. The reasons people say that studying from is not a good way to study, is because students would not be inspired to do their work,not everyone has access to internet,teachers would help the students more in person That through a computer.

One of the reasons people are saying that studying from home is not a good idea that students would no be inspired. Meaning that being studying from home they would not have the same environment as in school. Assisting to school would help students to focus in what they do. They would do better seeing other students working. Walking around school during free time and seeing projects made by others students could help students to be more creative. Talking to others students and sharing experiences would make students to put more effort. People say that an inspired mind creates great things.

Another reason people argue is because not everyone has access to internet. Either due to economic or others type of reasons not everyone counts with access to a computer. Having some students taking classes from home while others who also want but can not because they do not have access to Internet does not seems good. Some students have to work in order to either pay their bills or buy things that they need and can not afford to have a internet source. There could be paces where getting good

Internet connection could be tough because of the location or weather. This issue have people saying that access to internet is a problem when it comes to study from home.

One more reason is than teachers would help the students more in person than trough the computer. Talking to though computer is not the same as talking in person .People say that students would best understand things their teachers teach them in person because they would explain with more details. Some also say that interacting with the teacher would help students confidence and learning. Some teachers have different way to teach and help the student to fully understand the topics. Students would experiment best learning by having their teacher in front of them or by their side.

Meanwhile people still argue about this issue and that should be a way to solve it. Attending classes from from is not alway a good idea beacuse students would not be inspired,not averyone has acces to internet,and teachers would help students more in person. With all said we can conclud that the best way to study is by attending to school and no from home.",4,Economically disadvantaged,Yes,Hispanic/Latino,Not identified as having disability,502,3,"The essay presents a clear position and provides several relevant reasons, including student motivation, unequal internet access, and teacher support, but the development of these ideas is often repetitive or insufficiently explained. Organization and overall progression are adequate, but frequent grammar, usage, spelling, and sentence-structure errors sometimes interfere with clarity and weaken the essay's overall effectiveness.       

"
D1A866170CEA,"Do you think students would benefit from being able to attend classes from home? There is a debate if students would benefit or not from online classes? Some people believe that students would do better if their classes are at home. I believe that you can learn more if you are in a regular class than just being at home because students can learn from other cultures or more things about life with other friends, if students do not interact with others in a future they are going to be afraid to do it, and finally if you are in a regular school you can do more activities and share with your friends.

First, when you are in a school of the united states you learn a lot from other cultures. Therefore besides than world geography, you learn from your friends countries and how is to live there. Also, when you have friends at school you share your problems and most of the time you learn more things about life with them and how you can be a better person.

Second, sometimes there can be shy people at school because they do not know how to interact with others or how to start a conversation. When you do activities in groups sometimes you make new friends and talk to others became easily than before. However, if students do not learn how to talk to others in public places they are going to be afraid in a future; imagine if they need to make a presentation at work, they are not going to be able to do it because they will be afraid to talk in front of all the co-workers. Learn how to interact with others is important for your future.

Third, it is important to get involve in activities at school; activities help you with your curriculum when you apply to college. Also, if you are in any activity you can share more with your friends. However, when you get involved with activities at school helps you to clear your mind when you have to many homework or when you are stress out about your classes. Therefore, some of the activities give a lot of skills in the thing that you would like to do in your future.

In conclusion, if students do not interact with others or neither have a friend to talk with, and they do not have activities to get involved with other people; students are not going to be successful if they try in a future to interact with a large group of people. Therefore, it is very important to learn from others and interact at your school. That is why I believe that everybody should take classes on a regular school, to learn how to get involved with others and be able to express your self.   ",4,Economically disadvantaged,Yes,Hispanic/Latino,Not identified as having disability,458,4,"The essay presents a clear position and develops it with three relevant reasons: learning about other cultures, developing social skills, and participating in school activities. The organization is generally effective, but frequent grammar, usage, word-choice, and sentence-structure errors sometimes weaken clarity and prevent the essay from demonstrating the stronger language control and critical thinking expected of a 5 or 6.       

"
DFE2FC3897AF,"Technology has been applied in many aspects in our lives that have improved major components such as economic machinery, medical equipment and cures, transportation, and even entertainment. However, when referring to education, there isn't a clear growth in the development of technology within the school environment. For generations, the school dynamic has remained relatively the same with very similar and unaffected teaching styles since the 20th century. This can be very ironic since there are many problems and flaws with our US educations system today. Conflicts relating to students struggles in productivity and uninterest in school has been the effect in mental health with an increase in depression, and many students who are diagnose with this draws back to their high levels of stress in schools. Many students lose their passion and motivation to be creative and optimistic through their future. Though, there are new ways and options into solving these problematic situations. One way is through online distance learning, an alternative for students to attend classes from home by using online resources or video conferencing. Online schooling can benefit and improve students learning by providing digital classes to supply students for the best education possible.

The efficiency and availability of the internet is so common among teenagers, which allows them to easily access online assignments and lessons. The great thing about online classes is that students are able to go in their own individual pace and complete tasks that are more suitable for them. It is crucial for schools to acknowledge the different learning styles of each student and is something that is rarely considered in traditional classrooms. With this method, it will help students be more efficient and productive through out their day to day lives with the privilege of learning and focusing on their personal struggles such as reviewing lessons or topics.

Not only is online schooling beneficial for students learning progress, but it also saves so much time throughout the day. As young successors, it can be very challenging to balance time since majority of their day consist of school.

With ruffly eight hours used in schools and additional hours used in after school circular activities and homework, it can be nearly impossible to insert time for rest and self reflection. It is a huge necessity for students to get the required 7-9 hours of sleep a day to allow the brain to rest and prepare for upcoming tasks, and it enables them to perform at their best. Online education allows students to have time to do other interests in their ideal lives which increases productivity all together. Not only is this great for them to expand their horizon in experiencing and developing their own qualities, but also is convenient for students with hard and difficult circumstances; whether its dealing with family, financial state, and other private matters.

The contrary of distance learning can be dismantled in many well opposing minds in school departments due to the explicit and dramatic change to the idea. There are some counter implications that can be mentioned for the sake of improvement. With at home lessons, students will lose interaction and connection in a classroom which might be a strong skill needed in future careers. Assignments involving group presentations, live debates, experiments, and other tasks will be modified through online learning; but again, these assignments are best performed in classroom settings because of its complexities. This conflict may affect students learning from the lack of preparation or knowledge for certain high level classes. Missing out on these type of teachings is something that students should consider, and choose what is best and prior for their career fields.

Whether a student prefers in-home classes or not, online learning is not the main issue of why this was brought to attention. The climax of this topic is the undeveloped schooling system that is placed today. It is severely flawed and is failing to reach the full potential for students to become successful; this is due to lack of time, loss of determination in school, limited learning methods, and more. Online education provides a solution that implements an update version of teaching to solve these struggles and benefit students learning in order for them to reach their future achievements in life.",5,Economically disadvantaged,No,Black/African American,Not identified as having disability,702,4,"The essay presents a clear position supporting online education and develops it with relevant reasons, examples, and a counterargument, demonstrating competent critical thinking. However, frequent grammar, usage, and word-choice errors, along with some awkward or repetitive phrasing and uneven progression of ideas, keep it from demonstrating the stronger control and consistency of a 5."
783BF2A32C8E,"Some school offer distance learning as an option for students to attend classes from home by way of online or video conferencing. In my opinion attend classes online is a good option for student. In this essay i will explain why I am agree that student attend classes online and I will give some examples.

In my opinion classes online is a benefit for student because many student have to work for support parents. Take classes online can be excellent option. Student can take classes before go to the job or after. They have more time to do homework and have fun. In my case I took one class online during summer this class help me too much because i dont have to take two maths classes during the school year. Another reason that take classes online is a good option for student because some student dont have car to drive to the school or collage. This is a big problem for most of the student. They don't have a person who can take to the school. Attend classes online can be easy for those student because dont have to drive to another place. They can take classes at home in computer.

Attend classes online is a good option for student who can't pay the whole school year or collage. They can pay one or two classes online for year. After this students have to work and save money for another classes. Many student choose this option because they don't have to pay all classes in the same time they have time to pay each class that the student want to take. Also many students who want to go to the school or collage live by they self. They have to pay rent, telephone, food and another stuff. Those student who live bye they self have many responsibilities and is difficult to take classes at school for all day. For those student is benefit being able to attend classes online because that classes online can be just one or two hours per day.

I think attend classes online is a benefit for student who have a busy schedule at school. They miss a class that they have to take before the school year end. Student can take this class online during that school year at home. Also online classes is a good option for student who don't have time to go school because they have baby's. They have to be at home to take care of that baby's. Most of the student who have this problem have the opportunities to be a professional taking classes online at home.

In general attend classes online is benefit for student. They don't have to go to school for all day. They can take classes online at home. Online classes is benefit for students who have to work, students that don't have money for pay all classes at the same time and for students who have baby's. In my opinion for those student that I am ready mention, attend classes online is the best way to learning . All people can be a professional no matter if they can't go to school. Student can take classes for one or two hour and them make homework or go to the job. Also attend classes online is benefit because we can take this classes in the day when we have time.",4,Economically disadvantaged,Yes,Hispanic/Latino,Not identified as having disability,549,3,"The essay presents a clear position and provides several relevant reasons and personal examples supporting online classes, but the development is repetitive and some ideas are only briefly explained. Organization and progression are generally understandable, but frequent grammar, usage, word-choice, and sentence-structure errors significantly limit clarity and demonstrate developing rather than adequate mastery.



"
5AA8F2432639,"Would students learn/benefit from online classes? I believe it wouldn't benefit the student as much as going to school. Many students would prefer doing online school because why not stay at home where you can be in bed. Although students would prefer to be at home in bed instead of being in school, it doesn't benfit the student because of less motivation, harder to learn, and will not have many opportunities like sports.

Many students prefer to be home school so they wouldn't have to get up early in the morning to go to school. Even though being in bed insetad of being at school sounds nice, its really not beneficial for many students. Prefer being in bed causes a lack of motivation because many students are so comfortable in bed they get lazy and pefer to say they'll do it later. in many occasions when your at home in bed 70% of students really tend not to do their work because lack of laziness or just prefer to go do other things and do the work later. A lot of students at a young age say they will do something later then end up not doing their school work. By students going to school it sort of helps them prepare to get up early for any furture job than being homeschool and getting used to getting up later. Students also feel to start having less motivation because their just stuck at home alone with out having much to do. There are more chances that students will do their work at school than doing at home.

About 78% of students who's been homeschooled say's it was harder to learn being homeschooled. Some oline classes don't have a teacher , so it's up to the parent to help and it's be more stressful. When a parent haves to help their kid it can be challenging because the parent could be worried about other things or they may have had trouble on that subject as well. When students have trouble on a subject and don't really have help they tend to not care or just can't focus on it and just give up. I believe being at home all day would cause a person to be bored than being in school where you can communicate, ask for help on a lot of things, being taught well, and just be somewhere than just being at home where you would rather not to do you work. Students have the benefit to learn better when they are in school because it's a lot of diferent teachers who could help them out instead of having one. In general being homeschool doesn't really give the chances you can get when your in school. There's a lot of result that show more students or parents would prefer actual school because of them reasons.

Homeschool doesn't really have many opportunites public schools offer like sports and electives. Many students will have more events to attend or be a part of. Homeschool especially for kids that are very young could cause them to not really enteract with other kids or people. Even though homeschool have its pros it's more for students who are antisocial or just problems and prefer to be homeschooled. Homeschool for most students can be boring because its more eduction than fun opportunies. Public school is typically cheaper than homechool. There are homeschool co-ops that can be helpful, but a public school has a built-in social benefits. It will give a free time for you as a parent and your kids can home and tell you how their day went.

Therefore being homeshooled doesn't really benefit a student as much as them going to school. Having a lot of opportunites in a public school does help a lot instead of a student being at home and not having nothing really do to but work. Even though homeschool have its pros educational wise it public school helps a students a lot more. Mainly homeschool do cause the lacked of motivation and the lack of doing their work. I would rather myself go a public school even though being at home sounds fun but I believe it will help more going to a public school. So , do you think its beneficial for a student to do online classes?",5,Economically disadvantaged,No,Hispanic/Latino,Not identified as having disability,716,3,"The essay presents a clear position against online classes and provides several relevant reasons, including motivation, learning difficulties, and fewer opportunities, but the supporting evidence is often repetitive, unsupported, or inaccurate. Organization and progression are adequate, but frequent grammar, spelling, word-choice, and sentence-structure errors sometimes interfere with clarity, keeping the essay in the developing-mastery range.       

"
5EB7A0B134B4,"some school offer distance learning as an option for students to attend classes from home by way of online or video conferencing. I think students would not benefit being able to attend classes from home because they can not be on their telephone and not due what they are spouse to due.

First, they can get distracted, In my position

I Can get distracted went I am at home doing homework i want to wache TV even some time I do not finish my homework because i get a lot distracted. I want to play whit my brothers go out side play soccer and i say just for a little I am to playing with then but a get distracted and i for got the i have to do homework or study for a test. Some time I get distracted by seeing my brother playing video even went they is a lot of noise i get distracted because i want to what is happening or what is going on. I remember one day the I have to finish a test review at home because I do not have time to do it at school I do not finish because I get distracted by brothers. They were making a lot of noise and i could no concentrate because of then. My brothers are the same way as me they can get distracted fully easy and not pay attention on what they doing maybe they star by doing they homework but they do no finish because they get distracted by the TV or the video game.

Second, they can use the telephone some time I get a lot distracted whit my telephone because I away want to be in the telephone. Went i home I just want to be in my telephone and i do not do my homework. I get fully distracted because I want to text whit my friends or playing video games in my telephone and not Du what i suppose to to do. Went I am at home I have all

I want my bed my telephone the TV the I forgot the I have to how or study for a quiz or test. Only because I at home and I have all i need some time i do not want to do anything

I get distracted fully easy and more if I have my telephone in front of me because i want to leasing to music or video chat my friend and talk and pay attention on what I suppose to due. Some time my mom tell that I have to stuff in the house so I have to do it even if I am doing homework or studying I have to what she say and then a can kip doing what i was doing. If I have my telephone whit me the only thing i what to do is be in the telephone because it is a easy way to get distracted and not due what you suppose to due.

Some people my say that if students have home school it will be good because some students can get bully at school and they do not want to go back. The is say for then because some the students do not ride the bus the parent have to take then to school and the take a lot of time some time because they have to wait. Even they are going late for work and they do not have tame to take then to school. They may say the if they have school at home they do not have to do all the work by taking then to school. some time a lot of kids get bully at school and it more easy for then do do it by home because they do not have to deal with at school they do to have to be worry what would happen to then the net they or what does people are going to do whit then, But I chose to not have school at because some people can get distracted I not saying the all people have the problem I am just saying the i have the problem they my not have. But I do not like have home school because i want to see my friend graduate whit then have fun some time go to party and now more people have more experience.

In solution, people can do what is best for you if you like do school by home because you do not like people or have personal problem or have i disability that you go it no one is going to say anything. But some time people want to have friends have fun because you are a person the like to be around people that good to. the only thing i am saying chose what is best for you not what is best for other people or what other people think. Make you own decision be proud of you no matter what.",4,Economically disadvantaged,Yes,Hispanic/Latino,Not identified as having disability,824,3,"The essay presents a clear position against distance learning and provides relevant personal examples about distractions, phones, and responsibilities at home, showing some critical thinking. However, frequent grammar, spelling, word-choice, and sentence-structure errors significantly interfere with clarity, and the organization and progression of ideas are inconsistent."
2AAA5F2F5270,"School provide Teaching to those Students that can not assist to School, How? , well so many students have many problems to arrive to School. One of them is that They do not count with Transportation and they live far away, or some students that have special cases. So Today some School give you the option to teach you from School.

You must have a computer or device that allow you communicate with schools, if not, you won't be able, The only way that you can learn from home it's internet, but at the same time there are people that can buy those resources.

Study from home have pros and at the same time cons, pros are those can help you to learn the same themes that students learn at school, also you get you degree and can Apply to colleges, but, there is the case that they won't have a healthy and normal life at college.

Learn from Home is that you can finish it in the time that you want it, you can spent your time as much you want and finish it , but, what are you going to do after finish it?.

People that learn from home do not know what is converse with people around them, That is a big problem that can affect their life in future, They won't know where they at, or how talk with another person. That can be so stress, often they will feel exclude from their milieu.

Learned from home could help you to skipped school and you won't have to wake up early but, is not going to be the same that a regular student got in a normal school, why?, because a normal student can talk and ask his doubts in issue of time. They have many resources that School can give you. If you are learning from home, you won't be able to ask and resolve your doubts, you will have to search by yourself and figure it out.

We can not forget that people that have special cases, well, that people have at the same time special programs that school offers, some Schools are able to receive them and work with them at school, and other Schools can give you an option to work from your home, Those programs were designed only for people that born sick or have problems since born.

If you don't want to go to School, you must have a reasonable excuse, because you have to apply for it, you can not decided that you're not going to School because you don't wan't it, and you want to learn from home. Specially from public school that request a letter and proofs that you can not assist to school, and then They will analyze your case.

Today you have the resource to learn from home, you should think about it, don not make mistakes that can affect your life in future. At least you have a special case. There are many solutions that can help you and you can triumph.       ",2,Economically disadvantaged,Yes,Hispanic/Latino,Not identified as having disability,489,3,"The essay presents a clear position on learning from home and provides several relevant reasons, including transportation difficulties, access to resources, and reduced social interaction, but the development is inconsistent and some ideas are repetitive or insufficiently explained. Organization and progression are understandable but uneven, while frequent grammar, usage, word-choice, and sentence-structure errors significantly weaken clarity."
01C53183305A,"They are some Schools offer for Students to Lerning as option for Students from home. They are many thinks you can't Lerning at home you can use by way of video or online.

First, Know in this world the technolgy availadle everywhere and you can use anytime you want to go online and attend the classes on the time.

Secand, They are many student they have a lot of job or they have baby's or anything, They can't go to schools to lerning. So, they should take classes by way of online or video they can open the classes on the job or at home.

Thrid, The student should behefit from deing and serios to do the work and homewark from home because this is nice from them they make it for you easy to learning evry thing on the time.

Last, If you want to learn or take any thing in this life you can do any time you want and anywhere, You can take many classes at home, and finsh you'r education. The Schools are the Bast houes in the world.",2,Economically disadvantaged,Yes,White,Not identified as having disability,179,2,"The essay presents a clear preference for online learning and gives several reasons, but the development is limited and the examples are general and repetitive. Frequent grammar, spelling, word-choice, and sentence-structure errors seriously affect clarity and make the essay difficult to follow in places.       

"
4C9D310A1516,"As a person who loves to stay home, I can say they would not benefit off of this method of learning, some students may, but most would not. If students were taught at home they'd be able to goof around because they have free will and no teacher to tell them what to do, they'd be less focused because they have more distractions because they're at home with all the things they like. When taking a test it would just make cheating easier as the teacher may not be able to see the student. On the plus side there would be less arguing because if you get upset with the teacher you just mute them and turn off the camera, but then again that's another reason not to do this.

I think the only reason to do this would be if the student was sick, out of the country, or injured severely. How much sleep would the studen get when they are out of the country, because of the different time zone? Good part is they may get a better education doing this than in their own country, it prvoides students new opportunitys to learn more about themselves and the world, yet it's a terrible idea what happens when the connection is bad and the stundet doesn't know what's going on, then they're lost on evrything. If you think this is a good idea, show me and example how, a real life example, go and try to prove me wrong, not saying you can't just saying, try.",2,Not economically disadvantaged,No,Black/African American,Not identified as having disability,256,3,"The essay presents a clear point of view against learning from home and provides several relevant reasons, such as distractions, cheating, and technical difficulties, showing some critical thinking. However, the organization and progression of ideas are inconsistent, the examples are mostly hypothetical rather than well-developed, and frequent grammar, spelling, and sentence-structure errors weaken clarity.       

"
F1B5E79A298B,"Distance of learning schooling

First, they can learning at home,because they have more, opportunity to grow up, for example:the students can get all the subject at the same time because they have time at home to study and then the students get free time for work or spend time with families, and friends, and them the students can have fun time, because they can play soccer or any sport, aftherthat, the students get a good education and relaxing time because they study at home, they can benefit with the school distant. Because they have the school at home to be more easy the classes, and them they not have an scause to get they objective. Aftherthat they can continue study, and study, they can benefit with the school at distance, but the more important is they can study, and prepared for their future to be a good professional in the future, because if we more teenager professional we will have the more opportunity in the world.

The must, important is to persuade our teenager to continue with the school, because we are the root for the our youth

The students can stay on time in the classes, because they just get the computer, and study they can relax at the same time, because they are lonely in the class at home and, them the students can concentrate in the class online, and learning how to prepare for their future. the students are and good way if they have class at home, because they can do they life more easy. The students, also can take other different class because they have free time to progress more in their subject, but the school have more opportunity for the teenagers, because the school bring a lot opportunity for their, one of them is school distance, if the student can't no go to the regular school they can study online, to watch videos and learning, the most important is the student get school, at distance because some of them are get married and dose'n have time to get regular school, but some school offering the distance thats, why we need to get this opportunity. The students can study at home some of them dose'n have time, but some of them yes either. the point is the students need to prepare for their future.

In conclusion: students can study at home each of them need to prepare, and school at distance, is the better option to continue studying in the school because if not another option we can go to the distance school.",2,Not economically disadvantaged,Yes,Hispanic/Latino,Not identified as having disability,419,2,"The essay presents a clear position in favor of distance learning and offers several relevant reasons, such as flexibility, family time, and opportunities for students who cannot attend regular school. However, the ideas are repetitive and poorly organized, and pervasive grammar, usage, sentence-structure, and word-choice errors frequently obscure meaning."
E96117D22492,"Some schools have begun to allow students to learn from home using videos and online conferencing. While this may seem like a good way to get more students to attend school more frequently, it will actually have the opposite effect in the long run. Students will not benefit from this new form of classes because they will be encouraged to miss school more often, be easily distracted, and the classes will not be as effective.

With the ability to take classes outside of school, there will be less incentive for students to attend school. This will not only hurt them in their academics but also in their social lives. Student attending classes at home will not attend school events or interact with their peers as much as students who attend school in a more traditional manner. Many students only interact with their friends in school; so if they are not attending school they will not interact with their friends. The lower attendance will also hurt the school because less students will attend school spirit events or fundraisers. The availability of online classes could also hurt the students attending regular school because of the diminishing school community. Not to mention that students taking classes at home will not receive the same quality of education as those taking classes in school.

Online classes are not as engaging for students, who can be easily distracted. Watching videos online is not very interesting, especially if they are school related. Very few students find learning fun and interesting. The majority of students who do not will not find watching school videos very enthralling. Without a teacher present students will be easily lose focus and not pay attention to the instructional videos. One of the classes I am currently taking is doing a 'flipped classroom' structure; meaning we watch videos of lessons at home and do practice similar to homework in school. While watching these lesson videos I often find myself distracted and having to rewind parts of the video. It is easy to imagine a less dedicated student simply missing parts of the videos and not bothering to rewind. This tendency has strong potential to hurt students who are easily distracted or not strongly invested in their learning.

Learning from a video is not as interactive as doing the same in a classroom with a teacher present. Many students learn in different ways; a fact that would be hard for a teacher to accommodate for over a video conference. The video conferencing would also make it difficult for teachers to interact directly with their students by offering feedback for their work and answering questions. Activities done in the classroom in which students interact with the material that they are learning are integral for students to effectively learn said material. In the summer after eighth grade, I took Geometry online from home. The class consisted of videos and small projects followed by online quizzes. Despite getting a very good grade in the class, I retained almost none of the information I learned. To this day, I often struggle in my math classes when we learn information that builds on what we were supposed to learn in Geometry. The online class lacked the flair that a real teacher would have added to the class that was necessary for me learning the information in a meaningful way. Students taking online classes would face very similar challenges to the ones I did, greatly diminishing the meaningfulness of the classes.

The concept of online classes seems great on the surface but comes with unforeseen issues that can dramatically affect students' quality of education. The fallibility of students' dedication to learning is often something that is not taken into account, even though it is something that is easily predictable. Student will always try to get out of going to school, want to do anything but watch a long, monotonous video, and need teachers to make learning interesting. For these reasons, online classes will never be as effective as traditional, in-class learning.",6,Not economically disadvantaged,No,White,Not identified as having disability,666,5,"The essay presents a clear, consistent position and develops it with relevant reasoning and specific personal examples, particularly the experiences with a flipped classroom and online Geometry course. It is well organized and coherent with generally strong language, though some repetition, minor grammatical errors, and occasional awkward phrasing keep it from demonstrating the consistently polished control expected of a 6.       

"
68E2E5922B31,"Is it ok for some students to work frome home threw long distancs learnig. I believe long distance learnig is fine in high school and esspecially for kids with oerformance and anxiety and very bad alergies and cant leave the house much. There arre many reason why most kids cant go to public schoolss whether its money,allergies, or just being very sick. If students are able to acces school work and lessons from the comfort of there homes if need be it would be benificial for them. Doing school work at home does have its flaws, you could get easily distracted with wats around you and since a teacher is not there they can not get and extra information that they need.

There are many different types of long distance learning. There is home schooling where the student stays at his home and does all his or her computer or divise. Then theres video chats where you can sit in on a public lecture on call on a devise to recieve all the information you need. Third is a private tutor an individual who either comes to you directly or through a video chat and teaches you what you or your parents have paid hime to teach. These ways of learning without having to go to school could also cost alot and may have many set backs. For one many who work from home dont finish there work on time and get distracted easily. There is also the paid aspect if you dont pay a subscription or fee on time the lessons or tutoring could stop at any moment.",2,Not economically disadvantaged,No,Black/African American,Identified as having disability,268,3,"The essay presents a clear position in favor of long-distance learning and provides several relevant reasons and examples, including health concerns, anxiety, distractions, and different forms of remote education. However, development is somewhat limited, organization and progression are uneven, and frequent grammar, spelling, punctuation, and word-choice errors sometimes interfere with clarity."
35DD0F455947,"School is something that almost everyone goes through, so why is it that if someone misses a day they just fall behind? Being able to take a class online would fix this, when a student misses a day they can turn to the lesson online, instead of waiting until their next class to try and catch up. There are many students who miss a lot of school, for several reasons, the top reasons are for sports, sickness, or vacations. There are also many students who get injured, though they can still come to school, it may be hard for them to get around, and would be easier for them to stay at home.

Many student-athletes, like myself, happen to miss a lot of school for their sport. Most sports require a lot of traveling, especially when competing at higher levels. Tournaments can be long sometimes, and then a day of the tournament may fall on a school day, and students usually leave for a tournament the day before, depending on how far the destination is they may leave earlier. Personally I miss quite a bit for tournaments, especially when they're every weekend and Im having to leave early. Some of my classes I fall behind in, because there isn't really a chance for me to come in to make up the material, when both me and the teacher are busy. Online classes would allow me the chance to make up the classes I missed during a break, or if available, download it for the trip to the tournament, or back from the tournament.

In Spider-Man Homecoming, the main character, Peter Parker, happens to accidentally miss quite a bit of school. He travels a lot in the movie and appears worried when realizing he's going to miss school. Though it doesn't show whether or not he does have the option to make up his classes online, its implied that he is going to get behind from missing a day or two of school. The movie shows how worried he was over missing a few days of school, he panicked a little when he thought about it, if he had the option to make it up online though, he probably wouldn't have been panicking over it so much. Allowing students to make up classes they miss online, would avoid them falling behind, they also wouldnt stress over when they would get the chance to make up the work.

In Harry Potter, though they might not have the technology at the time, it seems that each class they learn a lot, so if a student misses, then they're just super far behind. In this case being able to do the lesson online would allow for the students to never fall behind the rest of their class. Though there are some teachers that prefer getting to teach a student that missed their class, there are many that don't have the time for that, as well as students who can't make it in early or stay late sometimes. Allowing the student to complete the lesson online, saves both the student and teacher some time, though the student may have questions after since they can't ask during the lesson, they could still ask once they go back to school, or email their teacher.

Though there are people who say that it's best for students to learn at school, because they can ask their teachers and other students for help. Online school doesn't really allow students to collaborate with each other, but there are many student's who learn better that way. Also, if a student is to miss school, at least they have the online class to refer to, instead of just falling behind.

I believe that schools should offer online classes, as it seems like it would help any students who miss lots of school to stay caught up. Sports and getting sick are only two things that can cause a student to miss school, there are many more reasons that a student may miss, such as vacations that people may go on early. There are also students who get sick really easily or are accident prone, allowing them a chance to do their work online helps to make sure that they dont fall behind. Online school would minimize the amount of work a student has to make up when they get back, and allow the student to enjoy their time more, instead of worrying about school constantly.       ",5,Not economically disadvantaged,No,White,Not identified as having disability,739,4,"The essay presents a clear point of view and supports it with several relevant examples, including personal experience and references to Spider-Man Homecoming and Harry Potter. It is generally organized and coherent, but the development and analysis of some examples are limited, and frequent grammar, usage, punctuation, and sentence-structure errors prevent it from demonstrating the stronger control characteristic of a 5 or 6."
C1A5212A7E96,"Some schools offer distance learning as an option for students to attend classes from home by way of online or video conferencing. Students would benefit from taking these classes because they can work at their own pace, they can be in a safer environment, and they have less stress.

Online classes let students work at their own pace. In school, many classes are extremely fast paced. Students do not have time to finish all the work the teacher assigns. With online classes, students are able to work at a much slower pace. This is beneficial to the students because they are not stressed about keeping up with the class. On the other hand, there are some classes that may be too slow for students. These students are restricted by the speed of the class therefore, the online classes would be perfect for them to work at a faster pace. The online classes benefit all students.

Students feel safer at their house, rather than at school. Unfortunately, the threat of school shootings makes schools an even less safer environment. Since taking an online class is from home, this would make the student feel safer and would benefit the students. Also, sicknesses and diseases can spread easily in schools. Students do not want to get sick, they want to learn. This is why online classes would be perfect because then they would not have to risk getting sick at school. They could stay home away from risk of disease and continue the learning process.

So many students become stressed from school. At school, students have to worry about important tests and quizzes, homework, and fitting. On top of that, they worry about things that are out of their control like school shootings, fires, and sicknesses spreading. The online classes would solve all of these problems because the student can stay home and work from there. Since the online classes take away these stresses, it is beneficial for students to take online classes from home.

Some people may think that taking online classes from home is not beneficial to students; However, since online classes allow students to work at their own pace, be in a safer environment, and have less stress, online classes are beneficial to the students in many ways.    ",4,Not economically disadvantaged,No,White,Not identified as having disability,377,4,"The essay presents a clear position and supports it with three relevant reasons, showing competent critical thinking and generally logical organization. However, the development and evidence are somewhat repetitive and general, and there are several grammar, usage, and word-choice errors that limit the overall sophistication."
4.11E+11,"Distance learning

In century twenty-first the education in United states and another countries became better that before thanks to technology. Moreover, the technology helps schools to teach their students with a better way. Now, classes are created creative and effective. The schools had been creating different programs such as ""Distance learning"" to offer a different option to students. This is a program that help students to attend classes from home by way of online or video conferencing. Therefore, there is a question that every body is making Is the distance learning a better option?.

As all programs, it has many advantages. The benefits of this program are following: Anytime class: you do not need to wake up very early in morning, you will be able to attend classes anytime that you consider best. No drive: you do not need drive to school or anywhere, you will skip the traffic. Comfortable: it will be comfortable, because you will stay in the comfort of your house. Work and study: you will be able to work and study at same time, because you can attend classes anytime that you want. No bullying: you do not have to suffer bullying from anybody in school anymore. Focus: you will be focus in class, because you will be alone in your house without company.

it also has disadvantages such as no teachers: you do not have any teacher with experience around of you. if you have a question, you can not ask to some else. Sociable life: you will lost a sociable life in school, because you will stay in home. No books: you do not have all the books to study. Depression: you will pass for a depression that could be caused from being locked in home.

Well, is the distance learning a better option?. In conclusion, in my personal opinion it is. I think that this types of programs will be useful and success. There are many peoples that needed programs as this, because they does not have full time to go to school. Those people that need work and study at same time, because they do not have all the resources or money. This programs was created for all you, people that can not go to school. At end if you want to join to a programs as this, it up to you.",3,Not economically disadvantaged,Yes,Hispanic/Latino,Not identified as having disability,370,3,"The essay presents a clear position on distance learning and provides several relevant advantages and disadvantages, but the development and supporting evidence are somewhat limited and repetitive. Organization is generally understandable, but frequent grammar, usage, word-choice, and sentence-structure errors weaken coherence and sometimes make the meaning unclear.       

"
A4FD9B8E6C4C,"Most schools have always been about students being in their classrooms physically. It has always been about being around some classmates you probably don't like, having to rush to a class on time so you're not late, or just listening to a teacher's lecture of a specific subject for an hour and some change. Why go through all that nonsense when you can just take your classes at the comfort of your own home? I think that students would benefit from attending classes from home because it would be more comfortable for them and it would decrease the risk of fights.

One way attending classes from home would benefit is that it would simply be more comfortable and relaxing for students. You wouldn't have to get dressed for school, you could just stay in bed with your pajamas while attending class, who wouldn't want that? It would be a lot more easier to get to your classes because nobody would be standing in your way. To make it even better, you don't even have to eat school lunch at a specific time, because you could eat whatever you want at any time, so you wouldn't have to worry about getting yelled at by your teacher in class over a bag of chips. For example, there has been an increase of online/video classes due to the coronavirus, so that students don't get sick. While they may move back to going back to school physically once the virus is over, it must be amazing for students who are just sitting in their bedroom while learning. Not only would this be more comfortable, it would also decrease the risk of getting sick. This shows how beneficial attending classes from home would be.

Another way attending classes from home could benefit is that it would decrease the risks of fights from happening. You may have heard of the saying ""More People, More Problems"", because that can apply to most schools. The more students you have, the more fights that could possibly happen. People like to start drama with each other, and can easily get upset over the smallest thing. To make it even worse, kids will try to record the fight and post it on social media, giving the school a bad representation of what it is. It's just a mess to deal with, but online classes can easily prevent that. Since everybody would be at home learning, it would be nearly impossible for students to get into a fight. They would be focused more on the online class they're doing, rather than what the other person is saying about them. I'm not saying that no fights will ever happen if we had classes from home, but they would be handling their business outside of school, so if they fight each other, they wouldn't face a consequence because they fought outside of the school campus. This shows how conflict between students could easily get solved with just taking your classes at home.

Some people think that attending class from home would be a bad idea because students could easily slack off by doing other things on the internet like watching Youtube. These people are wrong because the school would have most of these sites blocked on their school laptops, so it wouldn't even be possible for students to goof off on their laptops. Even if they do slack off, it's their fault for not taking their classes seriously. This shows that students could be capable of taking online classes, it just falls on them if they want to take it seriously or not.

It would be more comfortable and decrease the risk of fights if students benefited taking their classes from home. I feel that this could be beneficial for any school if they did it. If you're a principal reading this, maybe you should consider my two reasons as to why taking classes from home would be a great idea.",5,Not economically disadvantaged,No,Black/African American,Identified as having disability,653,4,"The essay presents a clear position and supports it with relevant reasons and examples, including comfort and reduced risk of fights, while addressing a counterargument. However, the development and critical thinking are somewhat simplistic, and frequent grammar, usage, and word-choice errors, along with some repetitive reasoning, prevent it from demonstrating the stronger control expected of a 5 or 6."
0BCF9505A354,"I think students would benefit from being able to attend online classes from home, because students will be more willing to attend classes if they can do it from home, and more students will get their work done since they won't be distracted by their friends or other students.

One reason I find it beneficial for students to be able to take online classes, is that more students will be willing to attend to their online classes. Many students have been late to school or absent from school at least once, either because of an emergency, they woke up late, or something in their schedule conflicts with school. If students were to have the ability to take online classes from home, then students would be able to get to their classes with the click of a button. I'm usually never late to my classes, but there were some times where online classes would've helped.

Another reason as to why I find online classes beneficial for students, is because more students will get their work done since they won't be distracted by friends or other students. Getting distracted by friends at school makes it hard for students to focus on their work at school, therefore, giving the students only the time they get at home to complete their work. If they had the opportunity to take online classes at home, then they wouldn't get distracted by friends or other students, giving them all day to work on their assignments. I personally don't get distracted by friends often, but I've seen other students get distracted by their friends and I know online classes they could do at home would help them.

A counterclaim to this would be that since the students are at home, they could get lazy and not do their work, or not even attend their classes. Students could get lazy and could easily get distracted by their phones and other devices, and since the students are at home, it would be difficult for a teacher or admin to monitor whether a student is doing other things on his or her phone that is not school related. I get distracted on my phone most of the time when I'm home, hence why I think it would be best for students to get school work phones that they can do their school work on.

In conclusion, I believe that online classes would benefit students by helping them attend to their classes more often, and it would reduce the amount of distractions around them so they can get their work done. ",4,Not economically disadvantaged,No,Black/African American,Not identified as having disability,425,4,"The essay presents a clear point of view and supports it with relevant reasons, examples, and a counterclaim, demonstrating competent critical thinking. It is generally organized and coherent, but repetitive reasoning, some awkward phrasing, and recurring grammar and usage errors prevent it from demonstrating the stronger control and sophistication of a 5 or 6."
E16916B78B8F,"With the rise of technology, the attention span of students has decreased to eight seconds. The average attention span of a goldfish is nine seconds. Whatever the benefits of technology may be, raising a generation that is less focused than a goldfish is not justifiable. Students already have difficulties focusing in school and online learning will only provide more opportunities for straying from the topic being taught. Pairing this low concentration rate with distance learning, including the use of online or video conferencing, further worsens the issue. Although it may be said that distance learning provides accessibility or efficiency, these factors compromise the quality of education that students receive. Long distance learning would not benefit students because of the low retention capacity caused by technology as well as the fact that computers and other devices have a high chance of malfunctioning.

Video conferencing devices are prone to break, be hacked, or even stop working completely. This unpredictability poses a threat to students' ability to listen to lectures or complete any other online tasks given. Simply put, long distance learning is too risky in terms of technical issues and is not best used for an educational platform. If a device used for distance learning were to malfunction, it would need to be repaired, which can cost up to hundreds of dollars. Many students, especially people completing their tertiary education, may not be able to afford these expensive repairs. Long distance learning creates many ways for students' to miss a class or not fulfill a due date because of technical issues, which can only be harmful to their education. Attending school in person, however, does not require being dependent on the functionality of an electronic device. If long distance learning is meant to be more efficient, the extra time and money put into repairing a device in time seems counterproductive; clearly, this is not beneficial. Furthermore, it is extremely well-known how easily a technological device can be hacked. With one click on an email, a whole device can be infested by a digital virus. Obviously, the financial implications of this problem are a burden to students' as well as the possible missed content. Because of the lack of security and the fragile nature of video conferencing devices, long distance learning proves to have more risks to a student's education rather than advantages. Some people may say that cybersecurity measures maybe taken to prevent this from occurring, however, they fail to consider the fact that with new protection measures come new ways to surpass them.

Undoubtedly, people retain more information in person rather than over a video call. Being taught something when someone is physically speaking or being shown something in the same room as the teacher is far more efficient than an online system. Long distance learning deprives students the chance for hands-on learning and interacting with other peers along with the teacher. Multiple studies have proven that students learn better when performing interactive lessons or investigations related to the topic. On a personal level, I remember something that was taught to me through an experiment of hands-on lesson as opposed to a video or online notes. Being in a classroom with the teacher engages a student more and can even provide motivation to learn, compared to sitting at home and trying to absorb information through a video call as a part of long distance learning.

Consequently, there are countless distractions in the comfort of one's own home, while in a classroom students are forced to stay focused and complete all tasks at hand. In an educational setting, the environment is everything. On a psychological level, individuals have a relaxed and comforting connotation associated with their house, and long distance learning at home creates a environment not suited for education. On the other hand, a classroom setting is ideal for focus and attention. Long distance learning is detrimental to an understanding of the topic because of the conditions students attend the class in. Some may say that we live in an age of digitization, and education must keep up with technological advances, however, this development should not come at the cost of students' ability to comprehend their lessons.

After considering the claims made, it is clear that long distance learning does more harm than good in terms of an environment that allows students to understand the topics without distractions as well as the tendency of video conference devices to break or be hacked. In an age of technology, is is almost too easy for a device to malfunction, be attacked by a virus, or simply break. This is a waste of time and money that takes away from the purpose of long distance learning. Not only is attending a class online unreliable, but it also provides distractions and compromises the retention of information taught. Going to a class in person is unarguably the most effective way to gain a full understanding of the lesson. However, sitting at home while being taught an online lesson invites distractions, which decreases concentration. After all, no one wants to be less focused than a goldfish!",5,Not economically disadvantaged,No,Asian/Pacific Islander,Not identified as having disability,837,4,"The essay presents a clear position and supports it with several relevant reasons, including technological malfunctions, cybersecurity concerns, distractions, and reduced opportunities for hands-on learning. It is generally organized and coherent, but repetition, some weak or questionable evidence, awkward phrasing, and recurring grammar and usage errors prevent it from demonstrating the stronger control and critical thinking characteristic of a 5 or 6.       

"
7F0CB07D9B67,"Generic_Name

English 12

Student will not benefit to attend classes from home. Because is to different when you are at home you forgot about evrything when i`m in my hause my mind is not on school. when you go school you know is to study do all your work have a good grade in all your clasess,

Some student like to take class by way online or video. Because when they are watching a video they are playing games or doing something also that, it dosent have nothing to do with what he was doing. or they just like to take online class, because they are very lazy and they dont like too wake up at 6pm. They prefer to stay home, and wake up any time they want and star doing oline work when ever they feel like doing work. Does Student dont even care about a high school diploma, they just want to do whatever they want.

I wake up evryday in the morning came school do my work. And at 3pm i have to get ready for work because i study and i work. I always doing the right on my life even i`m not perfect, but i still doing my things, no body is perfect in these word evrybody makes mistakes. Even the most smart person makes mistakes. Never be scare to ask for something that you know is gone help you in your life

I recomend those people that prefer to take online clasess to make a efer and wake up just like others student and go school. Because online clasess never gone teach you the way teachers teach you in school. Please stop bean lazy in your life and do the right. Teacher are part of your life, they are like your family they want the right for you they want you to learn to be sucess in your life. Dont do the wrong thing, always positive in your life you should let others people to help you. Because today for you tomorrow for me.",2,Not economically disadvantaged,Yes,Hispanic/Latino,Not identified as having disability,332,2,"The essay presents a clear position against online classes and includes some personal reasoning and examples, but the development is limited and repetitive. Serious and frequent errors in grammar, usage, mechanics, vocabulary, and sentence structure often obscure meaning, and the organization and progression of ideas are weak.       

"
CB8B86AD7823,"Online learning is a great opportunity for students who are unable to go to school receive education that they need. I personally used online learning this past year to take an extra class so I could fit another elective into my school schedule. But does virtual learning actually benefit the learning and the life of the students? It does not because it hinders students' abilities to a prosperous social life and it also lacks a deep connection between students and educators.

While some may argue that virtual school offers the ability for students to learn from the comfort of their homes, as well as offer opportunities for home-bound students to receive an education, those kids' learning experiences are not as successful as those who attend a physical school. I have a friend who participates in a home-bound education program because she has an immune system problem that caused her to miss a lot of school. And while that seems like a great alternative for her, there are some major flaws. She was never given a science, specifically chemistry, teacher when she transferred into the program. That means she will not receive credit for taking a science class this year, which will just put more work on her later self, who will have to ensure that she can graduate.

Virtual school also inhibits social growth among adolescents because they are not being exposed to their peers every day. Some kids can get by without going to school and still maintain a healthy social life, but other kids just aren't built that way. In fact, I was not built that way for a very long time. As a child, I was extremely introverted. So much so that I could not get myself to make friends unless I was forced to, or if someone befriended me in school. I relied entirely on school to build my social life for me. And while I have grown out of that way of living, many people have not. Those people still struggle to make friends in high school, and still rely on school to provide those opportunities for them, and while those opportunities may not be perfect, they are better than nothing.

Lastly, virtual learning does not offer the same connection between students and teachers that seeing them in-person offers. I have multiple experiences with this particular problem, and both experiences negatively affected my learning. As I mentioned before, I took an online course this past year to fit another elective into my schedule. That class was a joint personal finance and economy course; a course necessary for me to take in order to graduate. And while I was able to get by in the class just fine, not having a teacher in front of me who I could ask questions presented a plethora of problems. Anytime I had a question about certain material, I had to take more time to research it myself. Or if I had a question about an assignment, I had to either email the teacher in charge of the course and wait for a reply, or just read the directions over and over until I could guess what it was that I needed to do. Virtual learning simply does not give the same learning experience that regular school is able to give.

Online school is not beneficial to students because it hinders social growth in adolescents and does not present opportunities to build connections with educators. It also takes away really important benefits for students that rely on school for healthy meals and internet access. Virtual school is a good idea in theory, and may benefit some students in various ways, but as a whole it takes away from the overall learning experience of kids, which sets them back on their tracks towards their goals. ",5,Not economically disadvantaged,No,White,Not identified as having disability,630,5,"The essay presents a clear, consistent position and supports it with relevant personal examples and reasoning about social development, teacher-student connections, and access to education. It is well organized with coherent progression, though some ideas are somewhat repetitive and there are occasional awkward word choices and grammatical issues that keep it from demonstrating the consistently polished language and precision of a 6."
56AC4BE71C2F,"If weather or not students should or should not attend class from home by online video conferencing . I think in my opinion students should do that and work from home , for example if one day you are feeling sick but you want to attend school and get all your work done that will be one method . Another example will be if you are out of town and you still need to get work your done , the perfect way will be doing it online. Lets say if I wanna study at home and do my work it will be better I will get my work done , wouldnt be distracting at all and feel much conformable in my opinion others might think it is better to go to school. I honestly feel much better doing work at home then being school, if you need help or anything just email the teacher. Another example will be getting to do all the work from doing it in bed but yet still doing your work from home should be an option or be required . In conclusion I say that students should be attending classes from home and it should be an option so they could still get there class work done.                                                                      ",2,Not economically disadvantaged,Yes,Hispanic/Latino,Identified as having disability,246,3,"The essay presents a clear point of view in favor of online attendance and provides several relevant examples, such as being sick or out of town. However, organization, sentence structure, word choice, and numerous grammar and mechanics errors frequently weaken coherence and clarity.       

"
4548C04F9AC7,"I think they can attend to do it at home to finish their assignment. You can search the website up so that you can finished it the assignment to handle it in to your teacher if you missing anything from your others class you can finished with your others class you have with your schdule. If you stuck on the question go asked your teacher to helped you out now go to any comptuer that you wanted to be in you have to sign in thorugh your computer to logn in now you hace to wait unitl the screen show up and now go to the website that is on your paper to finished on your assignment on your homework.

First now go to any comptuer that you wanted to be in you have to sign in thorugh your computer to logn in now you hace to wait unitl the screen is done. Now listen to your teachers to follow the dirction how to go in the website. If you didn't finished the assignment that you can finished it at home. When you take your worksheet home you have to bring it back if you didn't finished it your assignment it be came homework. Now the teacher said now sign off the computer the bell will ring in about 5 minutes left to go your next class.

I went to my next class and I have next is Comp Skills so I asked the teacher can you able to help me to finished my other class? the teacher say yes, I would like to help you out to finish any homework that you are missing other class. But, first do it in your own first if you stuck with a question you can go asked your teacher to helped you out faster way. Now you can turn the assignment in to your teacher to put the grade in for you to boost your grade up then your parents like it to have A or B in the others class. Now it's lunchtime we have a break what working on we will coming back to finsihed it up see if you have anything you missing to your other class started working on it.

I think you can making your own music video it's really difficult to put in all the shot you have if you have all the shot now you can edit the video by yourself. You can looked up search how you edit your video to upload it on your Youtube Channel so you saw it the video if you still stuck you can watched again again over again in till you know how to edit it your video. If you seen the video when

I edit the music video if you see it perfect you can upload your Youtube Channel so it will be a lot of people want to see music video I have been doing since my career. You can go asked your friend to see your music video you have done in your future since when you were a little kid you want to be singing career but, it's hard to lived far away your parents but it's ok you can text them you are okay or you can facetime with them and see how well you being doing without your parents with you.

Your friends text you that it's was amazing song you have been writing on well thank you you guys for cheering me since I make these song was in my heart. I text them that one day we should hang out sometimes that getting to know each other more or playing some games together or going to your friends house to do something for ours Youtube Channel for us to making some more money to making all these video it was my career to doing this I was 15 years old

I know how to making a video to see how much money I making this video I would proud to myself that I will making more money to raising my parents just like they raising me when I was a little kid now I have to raising them back. If I asked one of my firends that can we making video together so that we can make it as a teammate for making money to raising ours parents we can making a video anything you want in your past of years you been doing right now. From Elementary school I join chorus I really do liking it so the next year I join chorus again but I really want to do something different it's means to me that I really want to have a solo but it's came true I have solo it's the lion king song. On Sunday, when I'm in still teenager after Chinese New Year coming up very soon at my temple so I sign up for singing a song for Tet so I have a wonderful time on Sunday I was singing and dancing it's was really tired while singing and dancing at the same time.

I think agreed to this prompt because you can attend the website at home also that you can see your classmate on the list that you do well on the test or didn't do well on the test too. You always have to sign in your computer to the website that you have to working on with your assignment. Making videos when you were a little kid making more money out of it making videos with your friends or you can do traveling making video or making music video. Sometimes I like to performance on my temple or at school or you can practice at home dancing or singing.",1,Not economically disadvantaged,Yes,Asian/Pacific Islander,Identified as having disability,952,2," The essay presents a general point of view and includes several personal examples, but the ideas are repetitive, loosely connected, and often difficult to follow. Frequent grammar, spelling, word-choice, and sentence-structure errors seriously interfere with clarity, and the organization lacks a clear progression of ideas."
32A5C2EE44FE,"The whole point of school is to get you ready for life but some schools offer distance learning. Which is a way for students to take classes from home on online or video conferencing. Schools are killing your education before you can even get started in life.

The first thing you need to think about is the social side of things. These people need to talking to other human beings and make friends. People can't make friends if they don't talk to them. Most people in school have many friends as many as they want or can handle but if you have no friends then you starts feeling alone and depressed. Depression is nothing to laugh about it is a real thing that lots of people face and it sometimes it can be avoided and some times it can't but people help. School isnt just for text book learning it's life learning it's to show you that not every one is nice and life is tuff but you can get help from the people around you. School is the best years of your life many would say. People make deep connections to people in school. There are relationship and friendships that could last a life time but if you don't go to school how is that possible.

The next thing the you need to think about is the team work. In school we do lots of team projects and team based learning. If students are at home doing this work they can't get others opinions and really argue their point and learn from how other people think or feel. This does'nt not help the students learn that in life they will have to work with people in the real world and they need to get a long even if they dont like them . They may like to work alone it's not always possible and you cant just deal with your problems by just shutting your self in from humanity.

The last thing to need to think about is the slackers and are they going to do the work. In school these slackers have someone to push them and help them when they don't really want to do it but know they need to. If they are at home they can give up when ever they want no one is making them do the work so how are they learning if they don't want to do it and there not made to then its not going to help them it's just going to make them fail more.

I think that schools should only permitted use of distance learning to people with medical issues or mental disabilities that can't come to school but they really want to learn and can't. That maybe the only good thing that this distance learning will do. what effect could this have on the students in the long run of life?",4,Not economically disadvantaged,No,White,Identified as having disability,477,3,"The essay presents a clear position against distance learning and provides several relevant reasons, including social interaction, teamwork, and student motivation. However, the development is somewhat repetitive and general, with limited specific evidence, and frequent grammar, usage, spelling, and sentence-structure errors sometimes weaken clarity and coherence."
F7D8A49D3396,"Generic_School wants my opinion on students attending classes online while at home. In all honesty, why is this even a question? Of course I think it's a great idea for schools to offer online learning and as a matter of fact; why don't all schools from all states offer this for students? Some of the reasons why I think it's a great idea is because students could lay in their bed while attending class, it would be good for students who don't have transportation to school and the best part is that they don't have to handle bullies.

One of the reasons why I think it's a great idea for schools to offer classes online is because students can get an education while laying in their bed. I believe this is amazing because you can be comfy in your pajamas in bed while attending class, instead of getting up early to get ready for school. If every student was offered to attend their classes online at home, there would honestly be no students coming to school. They would attend their classes online because no one likes getting up early in the morning and we all want to stay in bed. School does start early in the morning and from that, students have a lack of sleep because of the all the homework and projects that are due. Most of all, students have a lot going on at home and that also causes students to lose sleep. Even teachers have a lot going on and yet they get to miss school while we are stuck at school with a sub thinking about all the classwork our teacher has left for us to do or what's going on in our lives and what's next on their plate. Not a lot of schools think about the sleeping patterns us students have because most of us don't sleep at all while others probably sleep for an hour or two. Principals and teachers wonder why us students fall asleep in class and it's because of all the things we are going through at the time. Us students have a lot going on in our lives and sometimes we just don't have the time to sleep or even think about school. That's why most of us miss school so we can get either caught up in sleep and able to think clearly again possibly or get caught up in our classes, then return back to school when everything is complete. If all schools were like this, than us students plus the schools wouldn't have to worry about missing days of school, getting behind in our classes or even being late. We all would be on time and have all the work we needed with us on our computer.

A second reason why I think this it's a great idea for schools to offer classes online is because it would be good for students who don't have transportation. Why should students get behind on their education just because they don't have ta ride to school? I mean schools pl us the county have to think, some students live where buses don't have a route to go anywhere near them. If they have classes online then it's beneficial for them because they have their work with them and the parents don't have worry about their child getting behind. Some parents out in the world don't have a way for their children to get an education and they feel bad about it. With the classes being online, the teachers can facetime the parents and students to see if they have any questions or concerns regarding to the work in their class plus they can help students who are having trouble with the homework or classwork that the teacher has provided or don't understand what is going on in the class. Schools all across the globe should offer this to every student to make things easier for them and take some of the stress off their shoulders.

The third and final reason why I think it's a great idea for schools to offer classes online is because students don't have to deal with other students such as bullies. If you honestly think about it, we have had a lot of deaths of teens and young children committing suicide because of bullying. From my experiences from attending three different schools because of moving, schools don't do nothing about bullying. Yes, they may say something to the student who is doing the bullying, but never actually put a stop to it. Bullying is ruining children's lives and the schools just don't understand that. With the classes being online, students can stay at home not having to worry about being picked on or having a bully come up to them and beat them half to death. Think about it this way, with classes being online where students can stay at home, it's honestly saving lives and decreasing the suicides. Even after a student or five commits suicide from all the bullying and the schools hear about it, they still don't stop the harsh bullying. I bet schools haven't even thought that putting classes online so children can stay at home would even remotely help students stop committing suicide. I mean yes there's always a million other reasons why people do that, but mainly for students it's because of bullies.

In conclusion, I believe that all schools should offer classes online and think about things a bit differently now that I have put my opinion out there for them to hear. Help us students out and help the ones that need it most. It wouldn't hurt for schools for help out students in the best ways as possible and make things a bit easier for us so we don't have as much stress on us. Every single person across the nation deserve all the help they can get and we all deserve an education. Stop making things difficult and start making it easier for everyone.",5,Not economically disadvantaged,No,White,Not identified as having disability,996,4,"The essay presents a clear point of view and supports it with several relevant reasons, including sleep, transportation, and bullying, with generally coherent organization and progression. However, the development is often repetitive or overstated, and frequent grammatical, usage, and mechanical errors—including sentence fragments, run-ons, incorrect word choices, and subject-verb agreement problems—limit the essay's overall effectiveness.       

"
2BB45C0C7802,"Many people have to travel long distances to get to school, and to help them some school are beginning to offer distance learning, through the use of video conferencing, as an option for students to attend classes at home, which ultimately will not benefit the students, reminding society about the problem with solitary confinement.

Students go to school not just to learn the academic curriculum. In school students are forced to participate(if they are healthy) in physical activity. This is important because it helps to create a healthy lifestyle in each student. Students need to be physically healthy, so that they can develop in the right way. Without physical activity, the students can get health problems, both physically and mentally. School teaches kids how to stretch, work out, and all kinds of ways to be physically healthy so that the kids are able to do it on their own once they are older. Physically going to school not only teaches kids to be physically healthy, but also creates in them a sense of honor and discipline.

Schools around the world reward students for their academic honesty and punish them for dishonesty. This sets a moral standard in kids, by teaching them that cheating is wrong. The hard work along with full schedules forces students to develop a sense of discipline. By allowing kids to ""go to school"" through a video conference, kids are being robbed of these important principles. At home, there is nobody to make sure that they aren't cheating or wasting their time. At home, kids would be inclined to go play games, watch movies, or anything else they have access to at their house, kids wouldn't be able to focus on schoolwork and are inclined to waste time and cheat. Allowing kids to video conference from home, would do the opposite of what school tries to teach, kids would start to think that cheating and wasting their time is a normal thing to do.

School also helps students learn to build relationships with other people. By allowing students to take classes at home, students are being deprived of their time to develop key communication skills. Communication skills are very important in our society, as one cannot succeed in any field without some form of communication. Going to school and seeing other kids face to face is the way that kids can develop these skills. In school, they are forced to make relationships and are encouraged to be respectful and polite. Critics might point out that in a video conference, they can see others face to face. But the reality is, all the kids will see is just a face. They won't see the emotions the other kids have, the interests they might share, the fun they could have playing together. All the kids would see is just another face on another screen, it would mean nothing to them.

Allowing kids to stay home and video conference to school would deprive kids of so many things that a growing child should develop. This is the same problem with solitary confinement. Although inmates aren't growing anymore, they are still humans and still need to be able to socialize with others. They still need to be able to have relationships because humans are social creatures. Humans have become the apex predator on earth because of socializing. Inmates in solitary confinement go crazy because they don't have the social interaction that every human being craves. They also lose the idea of being polite and respectful to others (although most inmates in solitary confinement were respectful or polite to begin with). The importance of seeing people face to face is the biggest reason why allowing students to go to school via video conferencing is a bad idea and why allowing solitary confinement is a bad idea.",5,Not economically disadvantaged,No,Asian/Pacific Islander,Not identified as having disability,628,4,"The essay presents a clear position against distance learning and supports it with several relevant reasons, including physical health, discipline, and social development, demonstrating competent critical thinking. However, the argument sometimes relies on overgeneralizations, the connection to solitary confinement is somewhat underdeveloped, and recurring grammatical, punctuation, and word-choice errors prevent the essay from demonstrating the consistent control and sophistication of a higher score."
134BAA2D43CF,"The class online is a good then for students because it at home and it can be eays for the students to work on the class. In school it can be hired for some kids in the classrooms it can be claing for them like in fert of thr class things like at. But home schools or online class can be good in a way no people are alone no laged studnts.

Videos can help poeple that need to see exsples and if they look at it, play it and play it and take notes on what it is says in the video. One of the things that can be good by home schools is that you can have time to go outside or go to a store have fun at the same time. In schools you can not go to a store or someing in that way.

The way to get home because home school your in home so that is and in schools there bus that is it. So yes I feel like students have to learing sameing new says if a person is thing of be comeing home shools because I thing that is a little more freedome that they can have online school can be different in a way if it is the first time but it is haveing a good time. And all the problems in school you that in home that may not happing so that is one of the thing at can stop. if someone has online class say if work is not due a week you can have a long brak. In school you can not do that a long brak. So yes that is way I think that onilne or video class are good for students if they want someing new or there in onilne class.",2,Not economically disadvantaged,Yes,Hispanic/Latino,Identified as having disability,303,2,"The essay presents a clear preference for online learning and gives several relevant reasons, such as flexibility, learning through videos, and avoiding difficulties in a classroom setting. However, the ideas are often unclear or repetitive, organization and progression are weak, and pervasive grammar, spelling, and sentence-structure errors frequently interfere with meaning."
573CC8D2D71B,"Distance learning would be beneficial to students who can have hard a time staying attentive,who need to feel more comfortable, and who tend to be more susceptible to illness.

A classroom is full of disruptions, which can make it hard for students to keep attentive. By having online classes students can focus without a classmate or someone bothering them to talk, or wanting answers, or anything of that sorts. One could ask if a student at home could have distractions as well? The answer is yes but a student who works hard will understand that those distractions will be there later as well and if you are home almost all the time, then they won't be so much as distractions but annoyances that you can get rid of by moving to a designated room where you can be alone and free of any interference. And also parents would most likely get rid of any distractions so their child could do their best. Whilst at home students can also not worry about other peoples opinions on them.

School is a place of learning and its a place where you can express yourself freely and to feel comfortable doing so, its supposed to be a judgment free zone where students can make friends and be happy. Yet that is not reality, sadly school has become a place where people are put down for how they look and for how they talk, or for what is ""wrong"" with them. This causes many to have self esteem issues and they worry more about what they will wear rather than doing their homework. But the point being that distance learning would help so many become more comfortable in their own skin, which allows students to achieve the best they can in school. This would keep students happy and feeling good. It prevents bullying which helps prevent mental health issues within students keeping students safe from self harm or other bad things.

Students who could have mental health issues or recurring illness who miss a day or more of school would have the advantage if distance learning was in play because students could stay caught up with their schoolwork and maintain good grades. Being ill would't be such a problem for students to their classmates and teachers. Students could be home sicker than ever while still keeping everyone healthy and learning. However, one could argue that if you don't feel well, why would students get on the computer to go to school and learn or why would they get on at all if they were home? Well students understand even missing a day or two of school can put them behind for a couple days to even a week. So instead of risking to become a disappointment to their families and never having a good job or even a good life is worse. School is good for everyone even if sometimes kids don't like it, but they will all be grateful in the end.

Being happy and having a clear mind is important in school. It helps students stay awake and aware, it can help with staying healthy in mind and body, and even help someone feel more comfortable.",5,Not economically disadvantaged,No,White,Not identified as having disability,529,4,"The essay presents a clear point of view and provides several relevant reasons supporting distance learning, including improved attention, comfort, and the ability to keep up with schoolwork while ill. However, the development is somewhat repetitive and occasionally relies on weak or overstated reasoning, while frequent grammar, usage, punctuation, and sentence-structure errors detract from clarity and polish."
60D5DEB40F45,"Distance learining is an option students have now that allows them to attend class from home by way of online or video confrencing. Distance learning has been getting more popular as the years go by for high school students. There has been controversy though, on whether or not students will benefit through attending class via online at home. Reasons such as not being able to be one on one with the teacher, cheating, and not staying on task are why students will not benefit from being able to take classes at home.

The first reason why students will not benefit from being able to take classes at home is not having the opportunity to be one on one with your teacher. In a normal classroom teachers are there to help and support the students. Students are able to get their specific questions answered by teachers and are also able to stay after school to get more help or study with teachers. By attending class at home students are not able to ask teacher specific questions that they would be able to if they went to a normal school. Students also loose the opportunity of staying after school for any help from teachers or any extra curricular activities. By attending class online students loose so many opportunities that they would have had with teachers if they went to school.

The next reason on why students will not benefit from being able to take classes at home is the amount of cheating that will happen if they did. Cheating is already a major problem most schools face and distance learning won't help stop cheating at all. Distance learning gives studnets the chance to cheat by using any other resources they have while, for example taking a test. The disadvantage to this is that teachers or administrators would not be able to do anything about it becausse they won't be there to see it or stop it. There would be no way of stoping students from cheating while taking a test or a quiz because no one will be able to supervise them. Also distance learning will increase the amount of school work shared online. Students may think that by getting a good grade by cheating will benefit them but in the long run it will not. When cheating students will tend to rely on it and will not be able to learn the material.

The final reason on why students will not benefit from being able to attend class from home is the distractions. At school there are almost zero distractions other than other students. But in distance learning it's almost the complete opposite. In a classroom students are not able to use their phones and talk to other students when they are learing which tends to make the student focus more on the curriculam. At home studnets are not be watched over which tends to make the student get off task. When students or not on task they eventually start falling behind which is likely to occur when being able to class online. Distance learning is not beneficial to student compared to learning at school because it ussually associates to the student not on task.

Some people may say that distance learing is beneficial to the student becuase it allows them to learn on their on pace at home, but there are many cons then pros with distance learning. Reasons such as not being able to see the teacher one on one, higher amount of cheating, and not being able to stay on task prove that there are more negatives that comes with distance learning than positives. Overall as more and more high school students choose to take distance learining the better and more beneficial option is to learn at school.",4,Not economically disadvantaged,No,White,Not identified as having disability,626,4,"The essay presents a clear position and supports it with three relevant reasons—limited teacher interaction, cheating, and distractions—along with explanations and a brief counterargument. However, frequent spelling, grammar, usage, and sentence-structure errors, along with some repetitive reasoning and awkward phrasing, limit its overall effectiveness and keep it from demonstrating strong mastery."
BC27CDCD1A45,"Many schools are integrating online school and even fully switching to it as a means of education. People are against and with this idea and it does have its pros and cons. In my opinion, students would not benefit from doing school at home. A big argument that is at place with this prompt is that many students all learn different. Some people are more hands on and others are more interested learning from textbooks. School being mainly placed at home could also force students to become more independent and that might not be good in some cases.

Schools dont only teach curriculum based classes either, they also have extracurricular classes that might need people to attend in person. Many students like to play sports and even like to participate in band classes. If students are supposed to be learning at home, some would not have the means of transportation to get to the actual school. This could also be challenging for people who may not have their drivers license or even a car. It is not fair for a school to make students learn at home because they might not even have buses that transports kids.

Another big threat that could arise is the possibility that students might not have access to internet. This is probably the biggest setback in the option of online schooling. Some families might not even be able to buy a computer for the student if the school doesnt supply them. Many families are struggling with financial problems and making a student do online schooling is not necessarily fair for everyone.

Technology is also not reliable. Computers malfunction and that is not good if a student is in the middle of a lecture or is taking a test. There is also the possibility that a natural disaster could occur. Depending on the area, many tornadoes or even a hurricane could occur. There is a pandemic spreading around that is called the Corona Virus and it is very deadly if one is to get diagnosed with it. Because of this pandemic, many schools are forced to do online schooling and it is a big struggle for the families that dont have access to the internet.

There is some ways that online schooling could benefit students. Many students get bullied and doing online school at their house could give them a sense that they are safe. This could benefit students because many people who are in high school and any other grade pose a risk of getting bullied if they are not already. Some students also have a condition called agoraphobia which makes them feel anxious and scared in large groups of people and being out in the public. Being able to have access to online school could also be good for students health. Many students are suffering with sleep deprivation and being able to sleep a little later could really make a difference for the student and possibly their grades.

Online schooling could be really beneficial but there are too many setbacks that would make it more inefficient than what school is in its current state of public teaching. People like to be in a setting where they are able to ask questions if needed and get help in an instant. The majority of students benefit from learning in person and that makes a really big difference

In the state that the world is in right now, students are benefiting more from learning in person. Online school is beneficial in certain cases, but it is not as efficient as public school is. Hands on learning is definitely a good factor that schools use and it really does make a big difference. Colleges are looking for students with skills that also pertain to human interaction and public school definitely helps in that aspect. Human interaction is what keeps our society in touch and eliminating that could mean the difference between succeeding and failing.",5,Not economically disadvantaged,No,White,Not identified as having disability,650,4,"The essay presents a clear position against fully online schooling and supports it with several relevant examples, including unequal internet access, extracurricular activities, technology problems, and the benefits of in-person interaction. However, the reasoning is sometimes repetitive or underdeveloped, and frequent grammar, usage, and sentence-structure errors limit the overall effectiveness and polish."
9BD1C9E4C34F,"If you ask me "" the school should be for the student attend class at home by internet,video,and website, then It's fine."" Because I thight we will have many good benefit from it for the student and for the school; as for the school can control the student better , the student can study at any time they want, and student can get out the dangerous.

When the school open the classes online,then students won't need go to school and study at home. That is good for the students have home far school, or students have somethings difficult in life. As my cousin, his home is very poor; he need to work very much for his life so he don't have much time for go to school. His freetime just at 3 to 4 hour at night. I want somethings can help him , so If the school open classes online then he can study and find a better job with good salary.

The school open classes online can protect the student get out something dangerous. When students study at home , they can not meet someone want terrorize the school, may be that is unreal, but if somethings can not control then we will have somethings dire as Vriginia Teach two timesor three times.

Or something nearly real and good for society, that is Corona. So many people died by Corona or Covid-19.

Some news said Corona so easy to sick, as the air or some where have many people. Many school was closed by Corona. Right now on the world, we also have not medical, or vasicn for it . If schools can open classes online then the students can get out the sick.

Open classes online or study at home, may be It will hard when we changes so fast, but It will bring to us many benefit from it as good for someone can not go to school, protect the student from somethings dangerous, or get out somethings badly from society.",3,Not economically disadvantaged,Yes,Asian/Pacific Islander,Not identified as having disability,330,3,"The essay presents a clear position in favor of online classes and provides several relevant examples, including the writer’s cousin, school safety, and COVID-19, showing some critical thinking. However, organization and progression are inconsistent, and frequent grammar, word-choice, sentence-structure, and mechanics errors sometimes make the meaning difficult to follow."
E40FCCD0202A,"Should distant learning be offered for students to attend classes from home by way of online or video conferencing? Yes, because this option would benefit students who can't/ aren't allowed to leave their homes by engaging them in the same material someone would learn in a physical classroom. Distance learning could also benefit people in more rural or remote areas who don't have access to a proper classroom education. On the other hand, students could take advantage of online classes in a negative way. Distractions like video games, hanging out with friends, and sleeping in are some ways online learning can be taken advantage of, and that student is not getting a proper education nor benefiting from online learning.

Distance learning can benefit people everywhere and give people a proper education without leaving their home. The people looking into distant learning are people who can't leave their home, people in remote areas, and students who just don't want to go to a physical school. Students on house arrest or incarcerated could get an education without posing a threat to themselves or others. Also, educating people that are in prison could greatly help them when they finish their sentence. Having a high school or college degree would allow them to get a job, stay on the right path, and not end up back in jail. Students with a disability who cannot leave their home can benefit in the same way and receive a proper education without leaving the comfort of their home. Lastly, people in remote or rural areas who don't have access to a physical school building could also get an education they would not have gotten without distant learning.

On the other hand, students could take advantage of online classes in a negative way. Distractions pose to be the biggest issue because it prevents students from getting the full learning experience by taking their focus away from the material. Electronics are the biggest issue, because everyone in today's world has a smart phone or laptop, and they are always glued to it. When you are at home there won't be a teacher there to tell you to get off your phone or take it away, and a lack of authority will make it easy to lose focus and not pay attention to the material. lastly, not having to wake up every morning to take the bus or drive to school will allow you to sleep in, this will most likely promote laziness and destroy your work ethic.

In conclusion, distance learning will benefit people who can't leave their home, in jail, use it properly, be attentive, and have self discipline by staying away from distractions. But for people that want to take advantage of online learnign in a negative way can do it at the cost of their own education. ",4,Not economically disadvantaged,No,Two or more races/Other,Not identified as having disability,465,4,"The essay presents a clear point of view and supports it with relevant examples, including students with disabilities, incarcerated students, and those in rural areas, while also addressing potential drawbacks. Organization and progression are generally coherent, but repetitive ideas, awkward phrasing, and several grammar, usage, and mechanics errors prevent it from demonstrating the stronger control expected of a 5 or 6."
81D05263142A,"I feel that it could be good for some students to learn at home because some teens feel safe at home and they dont have to worry about school shooter's some kids dont to talk to others there anti social like its hard for them to open up but if you think about it can be bad for kids to learn at home cause there brother or sister could mess with and distract them or they could say they doing work and be playing fortnite or call of duty and other games. It would be cool to be able class from home now if i was to put myself in this prompt i would go to school because i have 3 brother's it would be hard to work. lets say we were talking about having a food court in school for lunch that would be nice but we got to go over the pro's and con's school would get more money because more student's are eating lunch you could have five guys, burger king, MC Donald, subway, pizza hunt, KFC, i hop for in the morning. but the bad thing is students start to get fat from so much fast food. Now back to kids learning at home it could be good or bad got to check the pro's and con's it could any way so what do i think about it i say no stay in school not home school. Me im a stay in school an graduate and become a rapper or a football player or go to the military and help people if you dream it you can do it follow your goals.

By: Generic_Name",2,Not economically disadvantaged,No,Black/African American,Identified as having disability,277,3,"The essay presents a clear position against learning at home and gives several relevant reasons, including distractions, social difficulties, and safety, showing some critical thinking. However, the ideas are loosely organized, some examples are underdeveloped or unrelated, and frequent grammar, usage, punctuation, and sentence-structure errors interfere with clarity and coherence."
AA9B263544A9,"Do you think students would benefit from being able to attend classes from home? In my opinion, I dont think the students would benefit taking classes at the comfort of their homes. That is because it's not the same thing as going to school. Taking classes at home is not the same as taking classes in school because in school you have a teacher that can help you, if you don't understand what's going on in the class. Also another reason is that in school you have a teacher that can teach the student actual lessons that the student can benefit from. Third reason is because sometimes you will just be lazy and not do the work and just do whatever you want since you're at home. No one will stop you, or give you remainders to do your work. Overall, I don't think the students would benefit from taking classes at their homes.

I would think that online classes would be harder and difficult to understand. In fact, being in a normal class you learn more and you are all catched up with your work. Being in school will help you communicate more with others, you can make or meet some new friends,the teacher will help you with some work if you need it. Online classes are harder because the student might not know what to do and he/she will be lost. Some people might find that online classes are hard and some might not it just depends on the individual. Some people just learn differently.

In conclusion everyone is different. What might work for you, might not work for the next person. Some people might benefit from talking online and some might not it. Honestly it just depends on what the students perfers online classes or school classes. I think that taking class in school is way better, teachers help you, you get better knowledge, you communicate more with others. Overall there is no right or wrong you just pick what you learn best and just do it.              ",2,Not economically disadvantaged,Yes,Hispanic/Latino,Identified as having disability,347,3,"The essay presents a clear position and gives several relevant reasons, including teacher support, motivation, and communication with peers. However, the development is somewhat repetitive and general, with limited specific evidence, and frequent grammar, usage, and sentence-structure errors weaken clarity and coherence."